transacao1,transacao2
17.97647309412493,5.038364906461949
28.783271280644193,37.67276672735828
11.975249105860078,-28.47593936982011
15.91188388821428,-10.197377491052382
5.488445902860607,8.752535230666428
-1.8550493370484267,46.51708122876929
-63.71889880382344,-1.2046060644055072
10.971168383186283,-11.989933362173566
-17.247205130520356,-14.247940188449203
15.74346356830415,-39.613114749902714
-30.314840070339287,6.853333793226428
-13.179222726076691,-5.600458308112728
-39.1791094512599,20.393281568713494
-15.284886283847909,-14.439752403855024
7.289814895620221,-0.08099288280920863
20.15017778257093,-19.380690230119363
6.116880695787104,-5.757877272793204
-3.173432104802911,-13.222128346318474
25.444984662223476,-11.211487290628739
-22.685075781480695,-6.173409134549034
-20.617491108994862,37.24630987952544
2.0816108598548535,-21.280185702599383
-33.356614695277905,2.353149004859935
15.629646822087317,26.72776901188444
-5.143175936649031,7.9766357679235576
7.669211197805405,12.935183886301068
27.354746200294564,-24.287606792409147
-21.49325303019478,-9.95550746053108
-3.9578849498527675,-0.17964802880361597
6.9590124860050615,-7.242887623582326
-37.702626799885536,9.140077419172973
32.25322510233668,-29.39055111589684
-10.968779872176777,-13.039350827121348
20.303049384957298,4.740992558518337
0.7373938544673073,58.846545699544166
9.569248268480692,-26.786579727382595
6.122953713145862,-9.651217589035932
-19.492065288790286,-9.402667027676422
-8.419675635655233,-2.3096007752540246
11.690016834522547,-23.23455123034535
22.51432527946683,-11.868005837303734
13.41507576800826,-12.349768040204394
-9.111367867994435,18.509635362912924
-30.843665786101848,42.96767466316331
-5.227633761448676,-43.49752426557658
-34.24770992531081,-7.840210461366738
-13.506873780898658,3.0922308102098874
19.98492028609079,-57.63662828433753
10.51849564974793,14.140659537862678
-10.61570935948579,-3.0440429894083576
-24.868262774095044,0.44390072465314073
7.2964338998241365,9.601362514621076
-11.995484327182025,-16.195186417949834
-7.8743308350012615,11.650024677103023
-15.461111900950737,9.540848656792294
-8.834710744379628,13.23444452544485
-66.92565538142776,-5.793827817399785
16.07265909998685,3.1489711103806624
16.28400257983409,-12.923184890929695
-12.471160308380151,-21.88992112099435
-25.71666777676046,-29.056748319161464
14.517591140864695,12.781296722511646
-15.770226284230034,4.238134232785578
-18.77830844681087,-12.202830249384224
-42.785435317376155,-31.92920445598751
-8.129622351941745,15.815409705145584
32.33173611046083,-10.831995562134738
10.168035357372787,-1.1263058590149582
10.080700494972026,20.511134936315827
-5.370256884506601,16.27131270518418
-5.420612797029901,13.284104845628889
-2.327699829221893,36.7540545618039
-43.4544639415084,40.39692832991186
2.20629568825268,8.626581435987095
-14.984712187041318,10.22606831854713
-4.378232000666473,-5.85461597699541
-16.74352832202295,-17.76051576012339
37.39174978880136,-16.938288137628042
9.398762474313855,-5.519470969354522
-9.173534274238582,11.151118489173024
-0.5715408698736828,32.41740527762287
3.129523109164688,-7.857081908121749
31.81201002793514,-8.628737062729805
23.167729213173217,37.64258556561094
-0.08430476630918711,-4.036280601309599
47.63030449154801,1.6028814462618137
-1.7447942089547175,-34.6455725774674
-42.72596546194723,14.281042827374321
37.41774648503305,-33.73061973531786
-26.478908150899322,-1.798462615431846
-4.390087091084532,-7.8775316434609355
6.451100824414201,-36.61310312482311
21.15563512634662,-2.6971189363154293
11.144589684936664,-13.917815100214499
-29.309374648801516,9.568479077995086
-0.4614581143541705,-1.93964871019067
12.2092358542775,-16.427082427658906
22.171579485449836,-12.52750028908906
17.22677687194197,6.591664586986924
-5.854824861185327,5.953909441544845
-18.46610579307404,31.73325444648704
-8.62560041237193,24.305126429513262
-19.313141630099175,-18.864286095102244
37.08774569152663,-6.803410829123989
-5.544766604057307,-6.907450791348213
18.245498804284654,-32.44894543296357
6.3453981097679595,-16.755431719707165
-0.9029037534908095,5.026590475271324
-17.766363823519796,-22.431336891993165
6.345307574563268,-2.3102356552457293
-46.89354209163554,23.5667263719629
-17.099132706088394,14.518376750156845
-13.60732547957963,8.959478318257375
6.268615931279876,-28.01109574172285
-15.790945560207575,5.820941555729813
6.573260954712838,-5.26251636702697
-30.865275195706502,17.867602574674542
16.03398559330761,-25.918929923368715
0.06595071233352329,22.137017897734065
6.973270627557415,14.251015359781885
19.445561294150842,-14.102339651397656
20.629344510476137,19.0496230439007
5.570109077301103,15.086825139115946
-23.696626966961823,26.10414484011966
15.40725057619529,27.115683148678514
11.980410282687622,-18.794932768492217
-11.163184141760759,7.682396584966151
23.23410658185686,-11.288594147769803
8.12208406571024,-6.24030825743017
-0.4649128141811942,-25.587299546210218
-3.3218241477485377,20.536043994599837
12.11011585146375,-14.654095179528028
-13.235270862743294,16.327052051860814
28.725539385821524,19.80830064932961
25.095104123301066,-0.7577923227181154
-14.74153733763384,29.909397611838923
-0.327875226796564,20.79652189669644
-3.3195316995245916,-27.624499656658188
1.1479628011926113,49.13779745317977
17.805386614457287,-31.59626171364274
-2.9697104820792863,-34.379901517862436
-1.7034891405191923,28.076847455416942
-15.359036167031965,14.140912263365383
-12.738699537794417,-8.94095355575168
-3.197996923914635,-8.42023547875148
4.7791095173579095,-8.302498569304063
30.185365961046386,15.30739353285458
-1.923638186151374,-12.730962886529927
41.19664141327902,39.284982232403884
8.255104320467805,-28.803649222738073
7.739997540828767,23.954485024700062
-17.28172370224357,-23.655236069080097
-43.15083351051187,-30.117237831266852
2.289301235670854,23.57839557449029
-10.97249980719138,19.86409447447509
0.598621118178486,3.374909236518588
16.485700242565965,30.636208455563803
26.787864053784574,-42.03920773667111
-2.5366067255576485,-2.6988984319584057
12.351929522524374,28.16588629487321
-17.17654076013983,13.264368457200655
5.484022532044259,1.3648570539945042
16.469819464857675,30.997598592091066
-3.7345647249626,-8.2241183311527
-12.177785769548123,33.5112360251125
-2.821659922198015,-7.404921617417894
-18.80099424304301,32.36271074984698
-17.13375096165887,-11.158233011162695
-3.3021541571585615,2.180156946350432
15.18816971983727,-14.507350255621578
-37.00393141817195,18.06741678801547
23.097885022516323,-46.56195181662633
-11.782120920198443,-14.16216574933068
-1.2946577214655535,-46.12595494825612
3.6927236755608774,-11.099594403742286
-0.38129232865905305,-6.538970132845914
-0.8026514998119182,-18.608295156069573
9.93587657304104,-14.158159695661992
-9.513809433779116,5.699650921684357
21.630699764415017,-2.2611818399116643
7.094711845277985,17.029133380934137
-8.398628390032588,10.610049270031611
39.22222606634548,-19.58323215975589
9.834190868356638,-6.399519464356212
-33.63377087984204,7.168327525348826
7.512137647655425,-13.016979407105467
31.730296415900842,-9.90717981676572
-35.11611469271401,-12.667336515220441
30.352499746355534,-11.792243430684987
28.912176349656164,-7.606151340976383
-18.024611974473284,7.807737344849795
-20.040888789397535,-14.631748587221875
-6.251065102690126,18.52101065710249
-41.64762709143432,-30.587532360621577
-8.698695802663703,0.22536819126516866
-22.11956132738785,6.013541485344954
-13.49572252381732,-3.8384236989494362
21.047659194481408,11.215862463108481
7.396552494662918,-13.237311656928341
10.768514332976228,26.00317333892469
29.509428392236078,0.06266462682477841
44.86515224297108,25.06271858421271
-19.754828636212554,-18.181437659684306
-4.069264163148651,9.240805433124311
35.96494105301876,7.783076241233415
-12.765170919051725,-1.7895060790421489
-14.311081979611984,6.3659414851665765
24.16494786114228,22.56352418088618
37.09286905255304,-8.510242103287858
-9.710574061543243,-14.383819404382399
9.713424622259017,-6.7210727835993245
-23.644709220005204,3.618066510438094
-7.286480819329645,-32.59338536473451
-22.70179945784365,12.745917211442457
-17.023455527015887,-14.208790131653227
-16.559501373674067,-19.584520837533894
-7.883322822647878,-17.697973836737738
42.14006328737227,-1.4006940556795213
-14.886813116055881,-8.41683414205338
26.336659370081023,13.698743729974279
13.99789620652746,19.63562153415601
3.6942319773762406,-40.97560570710204
6.626467659851192,2.0572139593642143
30.692326344820557,-11.892562893563383
45.72044564272225,-10.442736727844155
25.0580860841149,-40.07650169133372
-30.97381041099814,32.011317928183544
5.408599446037995,8.5582184850809
23.4786603880964,9.017858633333217
22.94921581370722,-8.14519550065343
36.09092051435463,20.29596054976094
-16.127796820542375,31.976448261123913
-1.1397968292871203,-15.003368246919015
5.628488621349472,-10.807501050749737
16.41423647026666,-3.9487755180796396
25.3864740094702,-18.814982693567075
-1.1763387349986756,15.4690437029094
-14.680849312087716,-1.3005809116562324
-5.915441925512268,-10.418865133070394
13.380366994772114,15.420602038105455
-8.947430978116659,12.748419032289164
-4.477123623249712,-4.648376410613743
19.279210252634865,0.4149966923434799
-6.181665143359419,-17.284429080785074
6.705629791295889,-6.572628360737113
-28.982946795182944,38.65152683154831
3.085954066600963,-15.65136402183034
6.12628363969435,17.660339753545045
29.204459024614835,9.078842945091255
-32.87677525935661,-16.286360772716865
-8.337396364334209,-11.908266726926648
18.095775656240832,-12.154802917086236
-46.15897996670207,-33.17343014340226
-12.645050426730059,-4.311276658379506
-0.45308604655619505,-15.680822365054697
-12.207613044380103,8.105546072492812
-57.36072625809272,4.239240620732547
-27.724211541981738,41.68849427472276
-11.208399411232486,0.6615418287631912
-5.830373706669855,28.135963547044458
12.389703308184876,0.5958691527301412
33.30091123406164,5.23260822963172
-36.289315758643255,-8.862022813713013
45.59176033974388,15.733470734349114
9.18022154450874,15.408699285411732
31.703917188083754,-43.26503546621268
-19.191433463779543,-1.5212879895450961
12.837704193407468,-21.475252259451803
-9.317482720112139,-26.08524474743268
-5.706613967613122,7.465189146208543
-2.7747497739886433,2.7913785144546894
8.215699386425827,-13.32242791753039
5.32693224370081,-6.098008052378966
31.06207423941388,-35.85115570871514
13.105556611794388,-1.3955401226829247
-27.467717599616037,-5.671656294677429
-12.623181756671913,9.460032195903537
37.36720696896981,-12.215671519829701
12.560913635536943,-16.785610420243174
-18.02905814983983,-33.31689642978573
9.946527523717428,-8.731067379085143
18.02122525339646,-2.036938794586111
-9.452037296399473,-28.139599171100294
-43.64037605509111,5.1997050445944595
-14.150706090219913,13.165748459230029
3.1668516035936984,0.6375088007062886
6.599934519284803,-18.407974757881135
16.59141678972143,14.254883841904046
-10.536937925725091,33.30784420326813
-0.058302334016999205,17.69364136749013
26.784131681795134,-49.68023203566533
-10.483751142580136,12.334311481030188
49.67922072607805,-13.152608785747429
-5.6867831692702575,-2.266028844308601
-29.589411195796984,-10.476241734697949
5.821856418740428,-22.379040063864835
-6.230488554074583,14.512341545616739
-16.110673053429238,13.98253865360579
13.255748384832827,-40.14520950421159
1.7352002057499334,-12.387651538519904
17.69184009720455,-38.92370543250684
-15.792129741633293,17.820599786966
-13.945304146558456,20.722195300094146
-29.79107902190771,1.0235036539110793
34.26956963691239,-22.393418353095168
0.7766299055303394,-25.645545468446315
-9.755319337142511,34.799699877757966
-45.48414962099607,-13.701958155784954
11.588461448734948,7.144860015804506
25.980044296192194,-4.402750732236226
-15.333519732639234,-6.419682939020538
-17.25831491053671,25.442504347145686
6.017952677906448,-14.635755155548939
-6.988212196900305,-3.468968977327002
11.902992694885103,-12.061561810741011
30.09591528401296,30.848340882971172
13.781923496646433,-8.536772058937926
-31.585897855512215,-23.538370634271413
-14.676440448176516,20.386406480261172
-32.51900913866774,-6.452792731151364
-9.888338002021461,3.385022287755028
-15.105767467081197,10.861164771853897
-8.655240891441595,32.23227179616102
6.760586814543558,-42.93812768869843
-13.91791630545267,-23.638512436048018
-23.78466880218573,0.3075592259490853
7.387959620633722,20.959368354095837
-2.3386503626081394,-13.728590026281747
1.1471895813520414,-7.7164794911531285
8.10782052818541,-2.040471763087908
17.630156063748068,-1.4408787825948022
12.528225061004015,-12.078560880742927
3.224252728493389,-7.65707043469142
7.396080271133199,12.230169228897179
-12.236523223497812,3.7481029434772566
-15.449929468060295,-13.082685802785889
-24.800667466014286,5.771715116341586
36.76234414739173,27.409017257118524
-28.237594761038558,7.5985141423207985
-10.892648519452276,-21.42997993303257
7.8442674459869535,18.53401281082587
28.363651785033017,-29.933975465398525
-8.572668004252087,-12.253444681179378
-31.659906094399965,-9.263594333296746
22.183506638420685,-24.10680016311648
58.363399207726225,-25.086672367411794
-28.094016425750322,-33.346462658762135
-20.166198573360163,1.2151016842707698
48.234344111772884,-9.216352264687973
-8.920982802783193,-14.671390799130817
18.453258080444673,-8.125047007666609
-2.1576663167117,11.245382423193242
4.704045973688048,-5.682382829971421
-14.471523204010792,-37.226894028608065
-6.524993775506648,-10.107490412693718
-15.825179109017455,7.498848297502353
10.655765457483508,-2.9727795800165997
-16.67018123868055,11.50318334852753
-14.212250396952168,-23.94293509826319
-12.557329297074222,-6.412459909748421
12.535057360705373,17.389209461033936
-4.784326980577044,31.616977939627958
-4.597649623852068,2.217376059377378
3.381626850935899,32.23337296570405
-11.840333573234199,-17.029191200925926
-4.367793382657311,-44.933793943895125
-41.485159971000655,2.492922443399168
3.3399597308795093,13.2050726981274
-33.140254418446,11.799027860427875
-11.56838695608436,-20.826914026513847
-4.663241508156687,-17.950263636242344
-2.866916275378359,4.385740576032923
-8.868042794432503,-4.0967855405191935
-19.404984054463924,49.180045283551536
-18.210868687076548,11.057646146605446
-20.01886348100801,-9.394175806127105
20.17735128682066,16.17731585081893
-11.484549176597696,4.398765776195445
-3.8047349100247354,-3.868849493894639
-7.548755695118869,8.160182741704938
-19.80458806963022,29.483731675174887
16.183497679773662,-21.64051028797141
-1.1442828400687046,9.011966001691645
12.20607643481346,-0.5274122381262489
-13.975198815844013,6.967299486989988
34.77986548366911,-53.811525903548265
-21.40664657815239,-9.00122255839776
-19.644974508232984,-28.18247679047355
6.73964853868644,15.679495341283541
22.646972384941083,13.801269940558285
-47.9140078285384,-7.446908698457404
8.801843902288068,-39.10361002359324
12.25881344265623,-14.129235709990922
-33.72343333229413,12.090069122979392
-2.2443793175598516,-17.565328174674722
9.005313429520003,-1.6057325249580927
23.328480824911107,5.615618235608987
-12.786897133748745,19.987162168182127
-17.01978748266327,-14.710426156401233
-10.181509222218246,-6.2186211635980815
-5.346704399984599,-26.895911330799322
14.613536112564862,4.8230215251175546
30.49955858444019,19.738246922574117
12.615685837816159,13.111385157111727
-6.980638229838593,-11.159918057544964
-0.7622265325958062,-19.31954952265628
-1.2879223904775938,41.208432510830775
-17.47038675502938,-32.61726854785128
-11.851427860246478,-16.550703893960797
-0.6086014763932142,2.0005821982318666
-6.671484598227726,-4.345593248853662
57.755837998433876,-21.99280271530036
-0.252685429256164,-11.69990564428927
-30.45758639585936,-11.488653865105363
-2.6280071215685825,-11.019355468437013
-9.732989995141367,-9.354615702793753
6.773581538301661,-22.71375206201907
-2.6447379172348464,-11.551525084840808
11.463486523354565,4.489124291287268
-3.7159612791449526,-8.646907233544654
-9.32714680502079,1.2896351652011027
4.932934621019958,17.121258024037516
-15.321549620340802,-4.034283830091477
18.651380716597036,15.643890778951889
-40.312505880327116,23.001978718368807
-25.294549878624867,-32.22073903163907
31.815666363055332,12.800537216220821
36.62938292780824,15.631229763596473
10.482980473733083,-26.5271912543848
24.725631035217738,-10.843644441085441
26.269169236723087,-12.595452419614663
7.285851589044555,15.101396845842167
0.10865461442258037,12.69232047285837
13.309588717114645,-2.4011331391148962
26.082756657951887,-2.560575652594776
13.130692353857476,-44.49454100295241
14.706104764573599,-25.879248001925493
-7.363498232619461,-31.424618445261014
15.064364554122967,16.217282371052335
14.660177104010241,-9.72657880499311
7.308597669279454,18.37582636638284
24.311600384870765,-16.477038564046943
-2.200714696605538,17.18927145515491
31.505709072230452,-18.34386637377998
-14.056484197344902,41.25706400791746
-47.97249424654063,5.8843058134961455
15.936171219722027,-27.62628031236945
-4.049679175494107,15.025634034835921
7.730651784558114,1.6499469442465946
15.209863495263994,12.584373926533498
9.717910068211813,-4.748042154068756
7.32227968888679,8.357647405788125
10.435489137564137,-0.014558225361704969
13.897107058083659,-5.693495615286439
-8.789119861410292,9.024679962811014
-0.8649677542715429,-17.72969889685092
-21.46416754920649,-5.811571934920787
-4.687627710140257,38.80326637089609
-15.304627605656338,-8.63084729483173
-13.336559019874692,2.8169777600167123
-6.316373334340872,-15.952396782991782
15.367454890980772,-12.72565266193612
-24.065938092728558,-16.1020646149669
-20.98943863185221,-2.1773775703218328
-16.559304493639722,2.2593497573472043
45.002950238485724,12.326900306657855
17.71049921627398,-23.45038306177434
-24.543897603490826,6.32709288173451
-1.3283831052947683,27.058561504533287
9.24387732791743,-9.381214157404326
-4.105250715721184,9.162859237016477
-28.760005840569374,-7.659007846710889
-32.76761575554688,13.607802612960196
20.176529941331978,3.979557390980158
35.352546092728765,4.741933973293387
14.181554343178997,2.7252381009847193
-11.824584217963423,20.889245817353093
-2.680179645540133,-29.68671718329853
-16.357406080507765,-16.21398989677498
22.921155568332743,-21.483621901339642
47.01935404545835,2.240355869882705
36.09461978296331,35.67980223007746
-26.936704193649817,-40.71380457616152
-43.185679832366624,0.7748467968932128
-13.74147239959232,19.724538641368817
12.234890860751339,4.189934261196298
-12.739816771115313,-4.085237714180797
13.596723626577973,0.8877577652580386
-9.41995395344222,10.371753213022588
14.747176375162185,31.47406656681416
33.38887918730275,20.7492463030232
11.069972913427566,36.18807420805497
-13.349183664707978,-1.6974131737027127
3.100167155827769,-13.337959885437943
-35.55198738569174,6.247734353607206
4.826342037737563,14.414508842038652
25.89726633424621,-2.822111579557557
-19.08480204063299,11.89176145059652
-22.91034268016339,-19.118697276208177
-16.15315000076983,-10.009452459092302
-1.7372418043852635,-24.093541049770412
11.636362869910286,20.64282295457232
14.91157005244296,-2.7302142803472624
29.538052014491882,11.76072916458315
-5.954350670843267,-19.11050342872256
-34.00954035036926,8.15937169959247
-14.962398292438326,-18.606613404465946
-34.11710978271857,16.27920506979248
7.562309574074395,32.54509854316747
-30.3434505795205,-33.2827128700599
5.7279738332338574,22.22308836743057
27.974608114989906,-13.350571674268792
-17.672039573570395,15.81700804220948
-16.5738009662636,-28.1665286051385
-28.277933233164788,22.45286706770932
35.68747743560508,16.881215998340945
19.63158255142051,-17.974351554396993
3.3360030404904912,14.201908299848135
-4.761607495468413,-17.003733969650128
-34.76821057919228,3.0034414651940686
-20.984353759635397,-5.69196872676359
24.34942591962409,-13.049775907576553
16.231312848783265,-54.868763713177785
-2.418439162669391,-26.153767718639436
10.05969300585513,10.199978021893942
-12.357124763794221,-4.153134963561637
-6.176428308523828,-16.129461424714826
-16.30110903192991,-18.263816928450215
-13.841995598795357,-5.719623031701245
-13.981643694218626,-7.366618516379017
1.7124835337775701,-17.46523298327623
31.916036665492765,-18.77827115576385
2.8365592161452517,4.600070255443363
-12.220777280158984,-14.94484737595638
16.945077198364487,9.212994732302626
-32.780367089098746,12.301275468204416
-14.205253879839702,28.276539592717377
4.121113357940997,6.202099593463002
-3.168119348547532,11.278803033925369
12.697291114927413,-1.840938758696682
7.2604024435483865,7.192424918455103
-20.225149767375683,13.887354274130017
-15.440133265303892,-38.81150308729581
22.509952008304438,-31.842153898658914
15.705838254458975,24.061140950112936
-12.545611765261242,-7.390949579875775
18.470423769555964,-19.42673240890487
-23.983095884370506,48.29175610384268
6.587257324797101,17.332892145288
-5.613575689599866,-17.551483543112976
12.00177601905401,0.5920943236566836
-3.4053655059423082,-23.074197834402597
-37.55595046403682,-21.502445168043632
-10.009540411527393,7.404991436647683
30.135522420151784,2.5464626072301604
59.01875552961431,13.661966309660398
-3.659658537430068,-9.91271117593369
26.170122036686912,-0.8459696180266761
9.720891450697568,-12.063238782007774
15.859396331711604,6.5226227036424875
6.475065442080952,-29.19460688507197
-1.1003192946336044,-13.573335611077601
-6.400978629563965,-38.62686834335257
14.437645624416124,-28.159386391763668
11.070892003010622,11.21385468163721
-9.705532976293835,41.183727226235646
4.314509940303867,-29.38497430889283
-26.019192281806486,-8.516349411663242
-44.04988251851098,-13.064465177484797
-27.934222609455077,-3.7251253866138887
21.930710076434977,-9.506407565780176
-2.553902559629732,-11.852498713237985
8.948515266073686,10.535752791936916
10.08273420147166,8.701421150682163
30.245459951936382,12.609525677692961
-28.794673508449403,-10.43752524988937
-13.94309700182118,-19.591930095529918
-3.6540617668671875,27.888952867235496
-15.098423188274662,-8.315791443500615
45.97175895666445,-19.638858633860256
-15.831287153803029,18.63252434549707
6.270556150947848,6.165173236054593
-17.54126703344124,15.440331629922344
-24.077526471128365,33.28899880538362
-30.323423417390728,-28.44851294728717
13.593906520027545,2.5141897422973
14.14966451957952,9.996647556039916
19.01440599611605,29.683594655499668
-20.099369682462363,-34.96038288896751
3.750273497555922,-9.33539309514994
44.609424921099816,8.640512024980179
-22.511739898385805,-3.724923531230523
12.065482360731137,-4.223969077732957
30.11479454895186,9.648308567192608
-8.98537588764816,5.966584982858951
-11.245170926085216,11.63895005732873
18.672472520650178,15.88960683016698
7.806938678016936,-8.504602653094471
19.637180555338997,23.703962252804928
-0.24632157797997,-22.422674394683348
0.9248901685827593,19.554392314815853
41.50651362063915,-11.559839170411326
-24.624382079989648,-25.31968608104745
-0.32740092368819684,13.267621186695278
-9.531941376929238,-16.24963832950029
-13.701989614504608,17.305771183695473
14.667776999593872,-0.5992676449501815
7.300671120887831,12.773492496074837
15.761005217658928,17.100717294279725
6.9608218766206695,21.21976830695331
0.6151572109301446,7.332693406368225
-17.673274776667206,19.71797053345284
22.91855512471102,19.711142703856584
7.4142909008788855,-18.06711617615272
-6.576024413883745,-8.79567050996229
-19.51307992215493,20.214679001417974
11.473079047071861,-32.87835816586237
11.99667287231102,30.3964546663954
-2.0434788124262266,9.19872107446556
-3.5950416125485916,-4.436642403723247
-51.82746795420391,9.821607368071238
9.58623187131196,8.055945608564105
4.540365404572752,-10.514860383282317
-16.760439201016563,3.003540047813835
-12.554565480016278,15.81997648556502
27.095314667470106,-0.16564024482193945
-4.819694174445807,-7.986945261672861
-3.918619069768679,30.516722393444752
-16.057553137424765,-4.940929252445059
13.206956244418055,-31.620068635618903
-13.868519524974177,23.00318625742491
-0.6775068151728846,5.0593425230197475
-17.488271188251453,-18.365526856386182
27.784408657690534,-46.801354821838316
-6.958629794290591,12.634844448179141
-36.952037321200336,-26.61732464125956
46.558098501625985,22.736430377904874
23.842043370934537,15.731131534097463
-10.295867288314497,-13.850529394731916
-4.767092961420788,-20.232325051484715
-48.32629242220594,20.294302040832413
-21.02522926544674,8.062726260947436
-7.438301940587265,-27.044520814806834
10.679705588834947,0.854762139133278
18.981581138208846,-14.781864765505299
-12.950198283607897,-2.8996543036158196
-0.8043994721383019,20.62343066753272
0.21456934594188076,25.144589745184327
-2.9158940531476,17.774904052318085
22.298038388108207,41.13253624441542
-23.173778810600098,26.47792319264005
-11.13190397860203,-6.776577185533182
-5.921042288264178,-5.566741990993183
24.10915362682673,-2.4664304612450847
-9.76142551469878,33.394288885422874
-8.438971502180268,-5.882898716786271
1.4960973604529062,-10.063153024904762
-37.90638832747936,17.235990954039014
2.6363468192993817,-7.989139804462898
-9.76623944277525,28.20939804917395
26.935520856633307,-22.169064074537257
10.68040811061677,-12.54776241526848
-4.127357577216552,16.82791253452991
28.358713656874258,30.17234185902904
31.931887021755486,18.126022576651796
-14.700283405374266,-11.497084899091162
0.8419072736628728,11.832394723061437
22.046485851769862,2.378761806057477
-9.634790517110684,13.43990795831708
19.624191244321956,-2.897589153503177
-25.128926885363878,-19.998705706598546
2.4553866763755265,11.838216683736821
3.493552257389099,-9.404208258979756
7.216419162995535,2.197797323515138
-19.95566508243366,-1.8342303896698173
-1.6584572262039423,-20.817140253472715
6.790521695789904,-14.220567566522659
-40.90837422240348,8.863211911037947
-36.793166295713185,-22.979707890796416
4.658427842054661,-0.327224562259512
6.63984750565933,25.49864161607661
4.49510972023764,-13.812798198936502
39.489085354231634,-24.90419542605782
-1.4179477548521864,-4.715545908781885
4.854667744089241,-13.680042819142994
22.374836329909343,-16.055358009510787
9.355874179458954,3.5534056296467846
32.50919933195539,-3.1410072674742406
0.4716923557706298,28.47052201973685
30.69187835841545,-19.866864062203454
-0.5065802387227071,0.5585035758428262
11.142590540551723,16.51431548151294
-16.68132078996706,-11.063728560524329
-12.663558178385019,24.068143403428177
-7.813645896518002,18.498277479205512
14.794057166525318,0.8039504883048163
0.5650418561804746,-18.02042115310502
6.137741175708781,10.011021688634944
-19.150374615035005,-23.7624217058489
-12.617804726308805,-5.14055261873438
8.180085759003713,11.755850046879555
8.958918963668431,-2.2022139417947324
24.817129708087226,-11.033127980840726
-25.640994576254318,12.794334554600333
24.030890029172003,-15.820417569311772
26.27797593615679,5.202933653605587
-34.92368696214621,7.441131092141337
17.468342371924642,17.781348079002388
9.430152371807552,2.553281617179594
3.465685930330586,-3.2186274875654135
55.286110418792276,-28.994773110635478
-19.391613293845165,10.20146819583448
-3.0572590125629784,-27.19745805435762
-8.359679354436288,46.761506928303184
-17.681941061472454,-17.749430370885765
-9.150660659587114,-11.575142696672442
-1.1730728445090979,-18.337876517783652
-7.93776716797298,8.845193042504246
-19.041226001802315,13.210002399050207
-24.138633248438683,28.19669585368859
-24.73857729042325,40.89171360338306
18.35814741066876,17.025527030115157
-27.932549717814013,29.277137377652338
-8.276901653500227,5.893055282719207
7.189996539391399,-15.674552063170763
-12.411470690115866,20.35462371943437
3.8393257554278284,31.04078480617786
4.846710799691419,-11.715934057904542
-21.942409963560507,-1.8836596274152242
-8.440269818242525,29.23687250954494
-36.554863287265235,3.382630981716611
-31.830148540906265,4.27097523755134
8.612005854930967,6.818489164615322
9.529139259529142,-42.878769409050605
-4.621308518601623,13.853271859800163
-10.483799053523814,10.734396995073501
-3.9001282739572556,21.22206229595781
3.915084963629623,4.111395099311671
-4.647849311749972,2.422612578216635
-0.2148205218341256,16.32881114827112
-10.728944736114867,-7.613055526742539
1.9517159831308175,-7.353080927370667
37.129945991101394,-4.1434787997899445
14.926276712377039,27.14076848297736
27.772830008034507,-0.8504570047100641
-15.04080024060249,12.255971722480414
-20.826567237289893,-0.04934557522477677
2.960693457180828,15.778140546559685
-1.9178904258326168,23.04261669354938
15.691725101362522,40.01155183005969
-53.262407373841754,-19.735968683183312
-19.502257184862827,-1.1423073017861975
0.5986687579815073,-12.69609092332004
-25.149535451277224,-22.79700757913686
-1.8961612049725398,-13.579219010511213
43.76880173697779,-23.99146537524735
-11.12703825001651,-8.257596194981572
13.27785305479768,4.198077627546822
2.9186754963321793,-13.716149411757225
1.7876051815593472,14.856815899153077
-18.05819027000202,-2.625040535513559
-42.559223001515974,-35.586161275155604
22.307773137430097,-0.30374766205759435
20.094316959484253,8.139975723198106
3.2585718122366183,-5.5693116954501125
11.44834692862247,-11.072511712455197
-22.105712659704263,-27.60148939833348
15.458518960781063,5.818717036721191
-18.68300756931204,-6.6764648702860585
-5.9171194829680225,20.411365019167707
-24.198999908503573,1.43935204617162
-25.426413783829453,40.86033220702964
-5.0769938889670225,30.429358667430414
5.950668732947201,34.49565151943809
29.714934656500258,-11.382575159580217
19.36837946161442,-1.733058119786301
-37.06978454977656,4.6362801035181995
46.02682337132532,1.4956865901422565
-3.2533896483400055,-21.761866584781167
10.352108465346692,19.05048990245666
-13.245836796317423,43.093364123555645
-44.139018238329655,-5.354749476186851
-41.91086066890741,31.86419137886486
34.26282302764649,-22.70790002031554
-7.848629356598034,22.645624681054713
-20.91356615161112,3.369489127473824
9.454872348444885,-30.09637716430315
-12.35847053729116,7.367800496682616
3.143726348303052,-20.614257525185945
-58.381871883713984,-1.1038062191034848
4.660445623600422,22.725491855771107
2.1208359845735596,-21.01193692771892
1.3201773629354538,5.463887021934716
11.517530643224854,-3.9025783895905626
18.619233187525776,-15.312989201654725
-11.162110062854865,7.208377730484092
37.06237947444756,-11.638049991563635
-2.474752712871576,2.266822362392498
-23.942986162447852,2.120051929125749
29.065134561366833,-10.240561599574416
54.55242949215149,15.086257323066942
26.111602533215176,-19.997890660685602
-37.68281838053986,25.847250203897065
-4.248610529517197,-3.170601517781199
9.49297934442085,17.60372758945609
2.076982164898384,-8.707002897565904
33.7025255541674,0.863778025826773
-1.2652881089650285,27.168491567939604
-23.834580430703372,-6.945283041673161
7.519341603532164,-29.318127966529968
40.764242434589626,-10.017037895988492
12.223518941771834,14.327647125283056
-28.437749173654517,-23.679853963338413
-15.844175425799866,-40.07490664268097
3.2897530614319335,16.181277657463834
-15.500502873830285,39.77301797958531
-10.00021028944122,-9.863522981825598
11.957968798483662,17.800249570841554
-10.53223137750331,19.2936456274674
11.74118491583872,8.317166171846942
29.225550693906648,10.702778892643645
-16.464048642720982,-3.9555890613922577
18.585956950310745,-12.11120449085136
-8.6957305051255,-7.844441532755998
41.28332906220087,-2.743114527687217
-13.940837625727006,3.686835796563162
8.806202543241389,-36.72398258709006
0.9584726136710777,-15.412695960890186
-34.73977932714237,-4.4860777601703115
1.0611479792475311,20.91766719631364
-32.99272727582368,40.10661951036753
-5.7283999826601075,2.5847563838869645
8.128827406114388,-0.45878722964458724
15.103183900428757,-14.792803321092778
-41.28152670882076,-6.117927840397176
15.779033913083094,23.09456101746752
0.02854843325288056,-13.332623939107444
11.738259890722233,-16.49704367461996
16.873248836408234,31.31584683010425
-25.48958084391146,37.90089233310513
-2.781631206358359,14.215281270289598
-14.40290895658929,6.962415063886479
-3.69834110078982,-19.396059522297037
-6.426736111321589,12.842679042122345
-45.089283462301324,13.125937499966348
39.6856155302351,-19.894540814979578
1.8200749972115091,38.14448126832984
4.578756818273845,-21.638219069354108
-20.354657180379014,20.96623471945213
-3.292220412355949,19.372409765997595
8.931663792243661,-26.5774432291551
-26.250389871183508,-13.878668596175705
-21.55211959685404,-7.071840689851573
-9.51515240720742,20.498417482162612
-23.96204087601529,6.304283337917037
7.37272290730345,13.73146569416228
-32.29500454972558,-4.377520571600446
-14.727158461400967,15.8617026200041
56.03614983698989,-9.145816930208698
20.704330153252233,7.426927190585008
21.50619269692223,19.96357482148746
19.10572239255217,4.705087235513563
14.049509643527365,-1.9717027030804568
-52.93776229851361,-0.4755549002889142
-3.916397012909423,-0.20507690182103477
16.721474358900164,-18.46557972761871
11.403489208363615,-4.749946238480687
-10.234468542734357,4.516594559419313
-23.798919922588674,-15.455323811340389
-6.23504978573184,-26.090783788570878
22.625520732543233,23.759646755010134
-4.229564490684325,-16.245782551971605
23.7134540793078,8.02136248863286
-21.52194344647109,-26.116641639786124
-2.710121221567257,-35.998591618864175
-7.2342520220556015,16.579163571574746
-4.304365768316368,-0.5223242575927394
24.418991845306834,-24.973523306744518
-1.9613086477758888,2.2016004279590984
-4.7491414739956985,10.821871604916959
8.5902992491183,8.527730157905008
-8.050249739288898,-9.206587461497456
6.354620024202383,28.76383509955781
12.080473856935612,26.76698035140258
-4.828493311635399,0.5172417198220773
14.644131827319562,32.92992542639379
-5.48100403813823,-5.3702183583649
15.035056738694779,17.86340987308406
-14.60432556580821,-19.49127732331298
17.526591910353616,25.80896661473901
10.69701141481774,23.702275251954138
-0.9770884996251717,13.333299839655059
-18.7487587855867,-21.56593662492054
-9.146543304022117,2.619518444420022
-4.768165122650009,31.0406644902774
7.026503048303205,-17.549384167869835
-12.908832727741942,29.52983263712591
16.58905588165558,0.3405035780185698
-12.587106014741757,-3.214068109815382
-7.35573754636418,19.73291670455303
-12.637132431292095,-11.691776715343568
-22.90477538540855,-12.863939985941933
1.674756138276976,5.341455943543534
6.991310252561069,18.675012842035844
2.4340929833400455,-1.695516045752437
13.982652889588199,-22.694061777040616
-27.643714153997628,16.53074373984065
3.512251288857203,-1.5253512371559264
-3.452767299546871,-29.44965840409994
-22.447751572370315,-16.981049428976853
-1.7197474058896791,4.557590373881806
0.5026899592246102,-2.9353574359483425
27.19526332108439,-16.251702559343187
1.439897434855753,-2.7739115464477653
30.870195616335586,26.360917339869726
-45.125383819078806,-0.3973126681689731
21.04645574002464,21.713214959048102
-32.53753825246886,14.319024973237637
-0.29090162371578177,0.4416901652993013
-2.5903023683248865,-11.492386199718537
-15.57378110667343,-20.795638845723985
-23.832493041715065,11.810480989331978
-11.830524054129196,-37.86820971471694
11.420385723802632,-7.0927467833875415
-17.7782742343594,-4.633946495855097
17.04967259872828,-42.65089286929067
23.368328655895958,13.182335047958112
-10.032484335152528,27.966734725570632
24.735250774949435,-20.526720166345335
-7.629337258445144,-4.0245966724469175
-9.43361449566212,36.99368437399553
15.879273158106585,18.206050444032595
52.90418852335687,-9.410703229696853
24.4404240673762,-25.467671807937514
-19.97310595797909,22.932438259287057
-8.968967273339805,-4.096256056634368
-26.185636206982057,18.264338628260365
-4.964491771227866,-43.71392793285377
-7.2353913509989,-1.1965515608186796
4.46689582576896,-8.13911180618515
-15.855396162652367,-17.851777493412676
-3.274412182223064,7.022304089313965
-19.93949579856573,2.8096265605342503
12.061588618004215,-17.23340670718418
8.228692890549617,-13.439932068561156
-21.384361076240452,10.884766745364116
-17.882691448955708,0.1475397589876882
13.117322914532895,-4.285968177054907
-0.6070362242249359,2.674577461203528
-7.8754227082932315,-30.54083617439764
2.3891426781839957,-5.162043143903795
-27.472912359105134,-7.901620439047865
21.115488931086745,11.065246200784989
-5.46204537783554,8.966314397216932
9.943388128954304,-3.0925426339974313
-3.0846271090529562,-7.2880732885567125
-24.283434655564378,-4.662161504674552
17.707603852443384,8.294657805938575
11.687822088097946,-6.538732473878291
26.664167636840098,0.7218216645671981
-7.493080588352134,10.121264983535108
-5.414310218344021,4.093370996713878
9.807781019893946,-39.27275020704694
12.11266761149204,-26.120860749654117
-2.624767931710383,-10.663838250716003
-1.4778201593631985,-3.8718794960469802
10.1250356559848,25.369557645476917
6.61614760525096,13.075163348856641
16.21224880375007,-5.433304980284017
-26.526174843237186,30.649954256396793
-6.48833854173235,4.381414031144545
23.169872218157302,2.4332139514834856
-10.782749892067581,-1.6818808503847271
3.812077258120798,16.632815198186503
10.43035613240058,3.3869426734412853
0.536557786559852,13.871850369188468
-1.1958435268116563,-7.167396511983782
2.67701085834176,-10.645204188730117
4.195110447914395,-0.8894115601833285
27.513006129227236,22.786151153111692
4.313177747874478,-4.751950094393498
28.352679261642333,-16.281513970391465
30.41433402881796,24.918081103880393
5.155838258840771,20.593812222270984
27.560837694191946,-11.709699966053845
-19.90469941523213,-12.041408340502544
24.347044927118628,-4.825876236755989
-0.6356528677621769,-12.834668740928066
0.7091509108388805,-20.817316963226826
3.9424713821924326,26.88110204275604
15.950481281572308,9.24080511109993
-24.523643839770667,33.196020208332854
-50.305274227824306,30.83245491843314
-8.445597203677686,-0.8185279437347486
19.288403556859013,2.4810003766427906
-12.686465304537135,15.169034226782646
-18.785029624961837,-4.169703254675116
3.5585816391419396,3.1974524333169105
-27.9838828935662,-9.162724000709728
9.750552757253798,-22.67421224036882
-24.77353370241708,-31.441881939896845
21.897608725114406,45.37537207186087
-29.322314217530902,32.2819641182715
-4.76796023523179,16.53656503813095
-15.640611119302605,-12.833052312775253
-22.886036590623572,16.78980197656669
16.019100006524805,20.591036647278646
-24.92531781791722,29.08148223554107
43.30184118180106,-0.1709480717096101
-18.29471772559609,32.20730188743986
1.3171354574142975,20.818362383666006
6.292793420867896,-27.851035513650032
-20.1983479165802,-44.30265015187089
1.8411014044599625,-5.412975631478183
-2.4767918372569615,-3.4263057150438874
-3.716646449832048,25.07956446867535
17.762623394655982,-12.76752981973764
19.853630994721996,5.294965100964248
15.782861283960523,-4.386944190950442
-1.6347352290222052,-2.087301424096189
-27.99033230509176,26.522319266628198
-0.37017173487712546,27.57610664969995
-8.064120358980034,19.995430694603446
-17.900202894451787,4.696160989769205
-2.324859334114156,-0.45472699783015075
32.18803748542676,8.725790629157967
8.327029965576564,-45.0042900342115
-6.041375849615864,-20.285913948670206
3.3769562870282526,-2.3588158215124246
-27.99373795915528,12.260312675886784
0.9274393376697285,5.557696095179336
-14.308414707565227,-20.728342026547388
-22.285486657589068,33.17288655332713
-13.32022547724611,-8.032048553645728
-7.15106767438563,4.100444998705931
-2.6843563163641644,-8.5156405100832
-14.212204805488064,-4.4952817416896425
16.843159894637342,-34.65942576957471
21.708202692766683,-17.25363615552175
-20.132835951154266,2.8677729613807834
8.5989772425928,2.50223782491792
-11.208973669883012,-23.676779674521732
12.64523200575795,31.41253895037215
-25.456260641980183,11.7440717769155
-63.75056328717469,10.607577853394723
-8.373016115458853,-2.8592028327555106
-25.273207696429782,-6.799503532024017
-4.9706313643840625,-7.634334559836976
-6.340201185090454,16.50981813870464
50.86908828024207,-3.277654455320742
6.792888049362422,0.9664539451846345
0.0836696264379433,-11.656968735319948
-36.50873688136695,5.40299771617783
-13.808171469055559,5.548848241115355
-23.093703888421146,5.501926524424734
12.004803831011996,-18.486063173501655
25.886596881068137,-24.185862679814328
-23.018827666028127,-2.387106804239524
-12.083604190327064,6.298005943990769
10.435847289068995,-6.122079494914731
-71.2859190240473,8.146792611500132
3.788978627165615,36.053754536702904
36.09875472544243,21.130048471324415
15.283179304063266,-4.328984732873298
12.042464878412808,-8.214518546178171
6.071792934350148,-14.010910685502576
20.557406036674895,-2.460792050218582
-16.387066701636186,6.753818609727023
-25.633920809463625,-5.637273411764321
-7.263492750047309,-2.8106017022388565
23.19353006946303,32.11185645979718
-1.555147261203156,-12.61872410063367
5.770479897129218,12.210707799097511
52.387563027468005,-49.61807816002705
18.05536663608348,-20.850765125662235
-6.825609362763566,-4.401748737840781
27.292281800978717,-38.169340433546665
-8.032158447494345,-25.770723627179887
50.472185829943456,-17.584171856903986
-5.779055136157708,16.183973807544703
30.478711087973068,35.47133681554954
36.080628269003626,4.753998012828125
15.22660428170016,-3.759894866358205
-2.9776312557459144,43.35747938949731
-4.648788332010049,-15.598936447175282
2.5908183488927445,9.238677211070117
16.291656060435976,-1.9791499728664264
2.4311922981871756,29.4556992022931
11.77033450653571,11.819641432994716
-18.98428679646973,26.061369074395696
-26.87484709199169,-44.10771869388537
5.679022710284474,-10.266472227973944
-23.75463290209517,-4.873161302201953
-35.953775523770396,-30.423239627405824
30.36889837773622,-10.611009409695821
-2.5678918312929695,-14.764465940108183
-5.399569440809902,7.735855890265698
-20.995662820181806,-39.639499326749096
12.200225907077431,-2.1115052511782135
35.68635950651916,-19.52387597634528
10.838356124171828,-0.36505920552509563
-24.72204525812113,-6.799501534294801
61.05344763711504,-48.26361231230058
-19.914356874588208,-10.478039484658046
-0.37002914509202645,10.517565577849124
13.780037980279953,16.360039426662865
24.95882198782233,-23.791855003229458
-13.590922763883098,11.570138500793144
12.48668899373712,-7.45342837867108
9.202629043932786,16.700410663238372
3.2863192600915205,-20.899491677955332
26.163821192851707,-1.821587760792385
20.67338970544722,4.247892138068579
14.91041174683101,-25.571502204304906
-25.03918735084302,54.52262597708185
9.798404644907684,-27.282947239141873
2.854489401432729,27.38315415223104
30.575163030535585,-17.12491351628614
-4.038872061960732,2.8925490741879183
-2.9059687892932646,-33.72978580891646
12.969661369561091,1.3615617936884619
9.019646994981215,-8.64323996840534
-20.626891516290765,-5.729970715449872
4.537617002136581,11.065469904235858
-24.255944618796335,-10.274201365301971
10.299071956077304,-37.176673745281114
2.37986939039122,12.063418146197346
-1.200137761758403,-18.026303838984465
-1.7779174593819094,-16.560609487412997
-55.96154580665366,13.512346710401125
0.28158921453321223,-10.867398569702615
-19.364732228895956,-0.19921460052768
-3.238568543257423,30.74366076673848
0.03744638512217159,-31.09090926767971
19.184982847714643,12.661042200335613
4.413743962717253,-55.731287632414066
-22.303191745647787,2.9435731811409243
1.148022786919613,35.58012334348082
-2.5994507362376,-22.74018659759421
-6.378635383984342,7.692472476312191
2.9057779298777007,-41.191300520227365
-15.966039641704139,15.036811844817331
8.726533751191534,24.20576908848403
6.343319800001927,-22.318595107965223
-12.65799940064049,-4.313911352915094
-0.775691135385267,51.354868912973316
1.6512417718949133,23.420074907543636
15.04819731245865,-27.95431626790168
4.333924800861973,-4.438100971145865
2.98274644208548,-1.0141898445140045
-7.852034782487841,46.59077663299961
18.606165033807464,2.1464746281306493
-22.270950590515696,6.963715531289191
16.40787023482532,-36.81031740282587
17.327677554012617,-0.10183537646544266
21.422199183938023,13.806421732815167
-6.761176689285325,1.617639921536302
21.49917096271272,-4.04033296881816
-13.718495414045101,-4.839740209173126
-5.489756839007488,-8.447946447358296
-18.843427333500394,11.154904614590603
-5.207330348737562,31.963800209063645
26.696153889209103,17.87925057631773
-9.603363536596724,-10.80579023995634
9.180724683535278,-2.0885556668401954
10.836664421147766,12.210145956872797
-11.178199893467957,20.46704512035165
13.080900744137157,3.0863024428626056
4.9607071034046575,-13.55898239150319
-36.39154562827008,13.99906518772002
-4.114928810903523,-33.921927848084266
-31.999177246413563,15.03274088151506
-7.6860768384364615,13.301171320511596
8.873980807660423,1.1344174453244906
-33.60089486450005,22.501383578354968
8.447017231157211,2.554970563308588
-10.216237913180874,-27.74293198908209
9.435760497905722,10.087313403551008
37.337912658088925,8.801637103298313
22.929667398772384,11.148658017399098
2.3699135720406477,1.1788281652877561
-21.168977162965604,-11.271675889979747
24.601455881689663,2.236297866730618
14.746262566027028,1.8398910702531515
-31.34384009379023,-32.69308967794131
27.759352658383044,23.797103959319884
24.99647605290031,8.307259937832823
10.914376147784923,34.74171171633231
-10.476495301424073,-14.452478977126761
9.118292295019385,20.197696099931164
41.561221091398686,24.484129531144983
22.211954064223352,-1.4334771450157198
32.842936971458336,-8.526006744786375
-31.396561173516314,31.26746588293645
-16.96714455160851,-6.7860466427116295
-11.530569504409712,10.31281104147514
18.32278944913947,-4.733523703879915
-31.818862560476454,-29.17984065210888
13.356226887049713,13.245880022893939
19.826886815759543,-22.693342866722613
23.443786510637196,19.621729215226942
-20.312487548519144,12.835155929487957
8.677979868632361,3.4848820470081394
-18.709591219567198,-36.84464514571954
-5.97179961879446,1.590736766529931
17.034155068378734,25.41558944236904
17.914730487154273,-2.4986468250604257
9.17976673432306,-13.346241335694929
28.472189444128517,6.227149124690936
-18.383644645118164,-9.819580038898874
22.790266616868614,-2.6845217526527976
-4.188508772297481,-6.491889177567796
5.230399359481549,-15.89393142252506
9.90336542317758,-2.4249800470019203
60.95764623226971,14.08610787077439
2.5651553334297916,17.850449596121337
-28.579597267739135,-3.6375397371873364
-40.423276190618424,5.072050159850788
-24.430114876517095,17.971698580661652
7.8901960685746175,11.789028463332391
22.065373933444565,-27.06987745825807
35.39259441185104,36.77053335917992
13.374112993831698,23.092661152037493
4.520470224349804,-4.499463457106239
-3.6964391770710354,-2.2292679965962945
-6.705663822553426,2.521153638923943
-6.714034689509788,-24.42623776503868
35.17265613174196,1.3616323457673916
6.308106651754914,1.9944149704906393
23.40521266410638,-14.600298490248733
-38.61584938228136,8.23755814374738
11.64194804727179,-12.207628199865766
-10.344787912190103,-12.822715878192232
-13.50439756767948,-10.746367799500785
15.493249829381908,11.747556992244206
31.954074047203243,13.254837219741887
10.095533230227709,12.684229157643724
41.745928307912166,17.374139349229168
15.63233683505329,-36.80866443664317
-18.492093946063676,-0.81443424543216425
30.651624875446892,-19.614136627394302
-7.875301983833562,22.96836113996653
-7.713049700594197,16.3061798340385
16.376513255152517,-14.793564191332129
-35.646485624003304,-4.383287145617419
12.218607602451861,14.833783333472322
-17.959932167694205,-16.975717286844404
6.62139459382328,-8.921101500212904
14.294488471749506,19.449198970396818
32.44393897194158,14.095689618907217
-6.14653331209486,17.45458874557769
10.667960768464784,13.648863023509495
10.054739920237916,-2.010797541800455
-13.728725994749343,-35.16323844276777
3.7997203509976627,-19.618653510308192
14.577216833515019,-1.9304165951337464
1.2128389985427077,15.840927971452707
-9.793650251656445,37.928872380771196
-28.665297888237085,-34.34904853960309
-33.267964356221114,8.997564295251856
8.05834028372476,-10.883331586905669
15.238557864060908,9.828302003264987
-11.266388798074065,-5.056147893475114
10.536373747369737,-2.640697700320786
2.1609076937669207,-6.588233751911475
0.42642948904120104,36.02046644659709
-7.429366524459091,13.118805328980303
6.721076077822302,5.123584391359169
-21.22578055216241,14.693300656240144
-2.766494353122084,68.67500235525966
-12.57095191157555,3.194083505999882
-29.789256019388755,-15.455308146700489
-18.3240704364234,29.44899205709973
-2.731932886569846,9.735813396241909
-1.7873139459173197,-2.2267993314365633
-0.1152901292960757,-30.85202965523407
-10.385536265067362,8.37203631777345
-14.212211099068696,20.034899399212648
-6.486376010484061,-7.774610209704287
-39.52975718012255,-10.378487328438064
16.710847303223698,-19.855316756637748
46.142561968752986,2.9440171858260196
-29.93413524417177,-39.311379667620514
-16.326887759868487,-14.93936136020928
1.1691744783725053,29.351880786853272
0.12318744929788726,14.730959352752075
-28.624199709263745,17.38132512652681
25.818697200209684,-21.073284045179225
23.056161807719327,-6.576212537543188
-12.37172528447621,9.251970715591508
-11.03323967231011,25.042385081420164
-7.083970176325377,1.310418246794308
-54.13715462416664,-5.571913299937955
-15.820301247830796,-6.485316536346893
16.259945502188394,-10.765094956367458
-30.517200722247114,-5.308839846464096
17.565009789087394,3.989066463188524
-19.368940278345274,-7.201051704802609
-0.7744695534289476,13.804041793145545
-8.45238280017221,6.81643532993069
24.460578726131793,37.23634159408037
7.039226806414646,-15.534400884397241
12.654894304442772,-9.044352779799619
13.83415858339809,-21.498463039681862
-14.418031398063151,-13.36409659490011
-8.027562611262569,-30.693575019964427
12.321962980565878,7.43511711798599
-5.229902932861801,-22.653010003916904
-13.082652802051236,1.3334530862059983
5.87821400916684,1.1401280216361367
-1.1827432230114154,37.66350075482488
-10.024950539341075,8.203008800831915
5.227063208619084,4.967027807086653
-32.80340320980574,-28.139390280400804
3.068730774613166,-14.18359376969472
-25.69870552158298,-9.733430799534124
-23.903195490336188,1.875905065595303
36.85251393307507,30.516178099925867
16.185183109550273,7.243205681306042
-0.17893949141276405,-13.274739761750583
-14.462501898747416,11.88642565013673
-4.202674159105179,-15.065793605173216
36.35615032248791,-4.019074187259334
15.392548355658555,-17.67625321440445
18.79002033529116,11.777373157285622
-20.977996848838156,31.49437519538995
-21.956334767608094,2.629738170481394
-3.9295523141269446,-5.245129692923744
-28.516535713148574,-0.536055231908797
7.1805856299421595,31.57872090023604
7.097658263527178,23.600652930329215
27.70862847263188,18.968871023190662
14.940900548041704,-37.416325073409794
-9.059694788054452,27.321690895129535
16.370964409322028,0.34981684608528496
36.02575189365426,-12.529062169224174
11.789195587356945,-4.280454209216797
20.932711813282697,-12.053804774471072
3.4340840214888164,28.91103489782425
36.48508693999969,29.41179495104416
26.991736656059125,20.834140158235932
-3.9418472631079386,25.97377540387244
21.741738332684765,-37.807832057864225
29.645143303346938,-4.491457251591049
-3.068985183968977,-12.077387019485109
29.9398097475366,6.29907659986074
-18.5068455390206,26.52684303017027
0.431142587309414,-16.26043790982002
-21.38769038600421,28.24202626220285
31.889857178543195,12.740355308326228
10.18974787145602,17.379331629571663
-11.81747583639537,-15.793414817971211
-0.28779339659408676,-11.204938115515775
-10.055263390966065,-22.23597902603647
-23.33198634248173,-4.062387168997611
2.3818638320685235,-22.60287022312314
-50.680884845370635,-17.49917415501425
5.905188831806623,-21.23061104049093
3.6787021210054753,2.9801042072429924
10.673577208982469,-15.898799451188792
-4.014438060564363,-7.948917208726126
-6.042867203519778,5.442866560028026
-18.382310541437697,27.75151651400149
-2.073787060804753,-4.42225563907149
-5.104368365901319,-31.49698441339308
-22.460472775386485,16.7063870753092
-17.731820857258192,0.6710939461862713
8.004185568849651,-1.7683054317541969
-32.74820936837593,-31.227533161110674
-0.7429874309580649,2.6039252325881206
-22.39856226263943,20.49878285852834
24.17399368592577,28.007409822122277
-16.856976781206974,-22.041901465837142
12.836017744192363,55.018993375140106
-42.64879589138311,22.54850806509635
9.456163755555854,14.29175844910887
-8.750760344219245,28.588727712972446
-0.08360922433352665,-48.534243457719874
-2.980997410580288,-37.17103515035569
-11.703006509145526,-10.07790924862747
26.31780104716561,-10.998472111350356
4.333760792980553,26.554316048900255
22.283841472853116,-22.43847499113441
18.364030419946225,-11.747958933217088
3.301430886863055,6.15404019858434
-21.971835024967238,16.61661641199762
-11.008239759069792,-27.935103100141887
25.31765459067934,-45.151265718735345
12.520551895663328,-26.26100180939957
-19.43434874556749,-41.928703228333724
12.430073022467578,10.91710621374689
14.369554746319595,-24.06446958455385
-18.49272133608465,-9.903184762851481
14.421344746611789,-47.47777279005804
-0.22605563684671248,-19.618941603402618
-17.329417350563187,7.2511572773556745
15.451947538905886,-32.01963279630497
-17.617810717496383,13.105523694311518
-19.789883922706355,-9.706899474594012
24.980414011703935,3.9765527756726806
39.99977535420029,-2.9380412768319646
-6.16065743168849,-2.6243848455988457
-8.089170765771827,-19.19605328458038
33.51150958368259,-25.998117377636227
3.04435583839785,-22.561884625845806
36.33670573215913,6.20690902698624
30.949312731401367,39.50005647880876
3.527547634615764,10.512870099410712
9.78918004723875,-31.872868706067344
-5.259731582891068,-15.526516706198874
1.302464113711318,-1.2027611462885761
-14.120670336112473,10.518245708918352
22.520758861697786,24.57165240159453
21.42015986846151,-19.889330052875987
3.1676990832427645,-6.207945764882292
17.0846156245938,-15.25869478942184
25.273582925767123,-24.608492879790212
11.257942712811804,-18.44926421506037
19.211402339084927,-1.8575682356661163
-23.634691596836905,-13.349558634809151
-6.9519588881389875,26.64993204105205
13.311638974500124,-2.085489000776529
13.570912687980694,7.413642176961667
-9.467399779114455,7.54197676313757
-39.1981287807081,-15.795874525727037
53.69857985617053,-16.197437592305032
-9.94180734947221,-16.699642626736853
7.013659442027771,-17.925029485230226
19.448712684305175,11.061234595915197
-17.457726144716588,-13.612534496366585
3.431919965938832,-15.88531248401387
-10.16120823611432,5.80780809033282
-2.5223524487239852,-21.183327233750152
3.3519417196665566,-10.117732089790348
3.4720088219738967,-17.767905204797817
11.691150545301433,16.17478305157625
14.828771365387865,-28.228304072747996
13.941491710579006,-18.427243229716122
4.176625098035361,25.084983990506586
47.58790960035409,-3.594641200019138
-0.13245355759523517,18.954617013758465
10.781901125120623,-24.92680467394667
7.091363136392269,-15.015543214780946
16.73715402561641,-22.16233573898153
-15.695939390325037,12.54750587113419
-18.251569376483722,3.2705167926123617
-23.075679498472642,11.004380565046706
7.352332754111991,41.11363486689821
-24.80361334728621,-1.5552235345739105
-37.80965698680188,12.944686665481782
-29.39581100863368,-30.46134778749183
47.886887656255716,-34.39978647322032
9.021811605290507,-6.210438356720101
19.331208426540567,-10.425783563956617
6.887046731051697,10.488999619378227
12.126024023088817,13.089539785515143
-33.75644783728298,-35.540368426967206
1.9646153342969859,-11.92927263607783
19.195737656517544,10.199027443381235
-3.2249925514360287,51.93603053459036
-3.159237776701633,-0.4759188216141814
-23.334188188190254,17.001729582144595
19.132320245992528,2.3697845277036804
10.981544036752574,18.130009101640454
-8.755093735814835,15.132362891391452
-17.160160446033572,36.2444430691591
1.954195975637669,28.381089940788186
52.11610355258985,14.960836073446128
-31.97032701005202,-15.592046783359255
7.627374830165124,20.237131760415235
12.796658404646577,-24.804975785627885
-2.691549966274776,-47.24711253100538
36.16863394328454,-15.058408905997727
-14.719473600660626,8.740206362635748
24.89656400221863,3.6672341222803047
14.24107828608999,-18.345339859188304
11.916888923488262,-30.99020413060215
3.687527931444032,1.744978720085166
-18.19850275711596,10.334568373979467
15.137721198259865,-18.26836083860672
-24.144964191662854,-11.335690978131579
-30.149277112990973,13.608996298933105
20.190814955674817,33.376159476193564
-8.803132383002586,29.138792614296463
34.11809402572532,-6.819006289610123
17.235488769502542,22.099326143773844
-33.73653347426841,5.999468703983868
9.075779310878845,-10.110297996066995
35.87020840118485,13.931616555671553
13.972320401355521,-36.86473052435174
10.766126851996107,14.720167407612637
-0.6053044188663244,-2.1103170870901247
12.978832652234242,9.400408022401079
-34.34107255524549,10.383502072847417
6.6207008269762735,51.00876490848596
27.162967033571444,-10.327163599203539
9.288916191862388,-21.952512035175765
11.311079509586776,34.34389225332551
-0.5521935459607679,-12.137979278732518
10.846946131235866,9.235418965869911
21.228526281106163,-14.338061005612598
-13.701687751505581,-24.80948125720555
26.144543511836996,28.298842994188448
-5.244568441765674,15.012136340410965
0.12417626939142981,-47.652637024008506
-11.949491315703966,-2.075049899028143
-25.48341670473419,24.809155777542912
-3.6802796941176674,-12.188646066002827
11.42591067373589,-22.31221277707997
-2.2524251028221216,-21.36261222840393
21.980498924778438,9.80086466880419
-2.154182290672208,-51.45564320130966
10.227607785729681,-3.03831632970934
26.349931773793823,3.054233499447215
-8.896375680687978,0.7486898050485079
-14.965016784284186,-45.556880199826566
-5.898874914600226,23.40499938231777
-3.844490606577606,13.25444239896574
-4.307641299835463,12.92567325988941
6.298419881480623,-28.56700401218495
-4.7312490544681305,-11.43900602812325
-20.13374786614278,1.744151012653969
14.431183835876604,5.7662765986448985
7.429749168681075,15.996160231514887
-33.70254282621684,-0.29239175756595526
28.78192297623017,11.532706450251622
-0.8818864595063041,2.6993436762294554
52.05241450457657,2.106271608770734
12.796192418321176,17.155841498026742
-23.47026236867788,0.018554604701055626
-8.43957569836532,13.279440381420581
17.444871951817316,29.45279630799353
-3.513280237590499,12.259462669909677
-5.346050881586325,12.288072924754347
-4.135523224040096,-2.25072797052412
-17.100391558429532,29.645741333559585
7.678459103656747,15.580155278221643
-9.929016456771622,-1.1969382690008503
-4.963373961084984,25.825609853825178
-23.22482107928671,-13.831946106376105
-1.2666574946605116,-23.00445803441436
-38.18089327437101,-3.428615488254853
-3.0521160760367527,-19.391241238348787
2.9286172740177348,-23.626775587387648
-14.282469558088334,-0.36511748045308623
13.392350755498706,-3.1682167040695752
-19.98182880131003,21.757871860065112
-26.290181664984775,-12.963656918864515
-15.464180883774809,4.287391847856244
10.468061196138905,23.36953677228131
8.13619429598056,7.239006923951724
20.834709551569517,-34.44692619558688
41.17322553427363,21.48600635100837
28.090978724729617,20.27589238189187
-7.111401235994954,7.729893112049165
-14.793041238901992,-28.64870927510697
-3.590254878748958,-25.88002175535482
2.0059403271837213,8.29911218312147
-21.746740307092878,-19.10153079401271
7.369853202000051,-1.5956097864686076
-7.122436592792973,10.564014959108736
4.897557061847286,3.8596898110066897
5.9180161492837815,-19.467398974957185
-24.26068277269319,11.750364172343787
9.729715971843085,5.881060152304817
-20.607492744090173,-10.580591515882283
-5.9897769556677884,1.9098012460220173
3.057540070272556,-30.995996765673304
18.685028641412895,33.56945117389418
-14.308749243301042,5.649190422731213
-5.4227151859038445,41.47234013991163
-33.40767113384217,-4.469371679527145
-5.023010798204751,-8.911081399566376
26.911157564922284,52.44932388204606
-26.116021350777935,-3.3561318970771046
-25.766230179814038,-9.441501060180746
12.39511513128301,-38.5393578420022
-15.168838562903428,-25.325347702017208
-77.92494742431757,-15.302392388692013
0.6290032501344589,2.5991318647405026
6.899630418358652,12.539078280460533
18.19559899302319,37.591748779251994
-12.479286924933295,20.755643374570376
23.192199786029228,4.601176779846272
11.572623768352459,-11.442423246575462
32.19595031272321,-17.146646054225275
-26.972013914432374,8.158975592770188
0.5152406374876176,9.8620154836586
17.048378278459655,7.120989590295903
26.242770596031882,-5.3101172725240975
23.876879812493787,-6.967717912548398
8.501605531895754,41.655129979522194
-3.6425318483482934,-9.96184071438269
6.063763882554144,17.517842339695335
-18.969609091435508,-25.343032764599126
12.127287820867412,5.7281971904867754
-21.97533278338714,-39.09407902695961
-10.583184375379332,3.6335998066364588
4.593019107358012,13.554642966562234
-28.94474982795085,23.126910963525415
-3.7374493222268494,5.849401828451642
-11.702267481777657,18.41084820327621
-4.0423640714980635,-16.68856912625115
20.92516727313035,8.337046956826908
-4.5093573622055665,-3.894571468970339
19.442882373889066,-0.6762226535573423
-47.17750702413744,9.615281554573617
6.068522357331666,-16.512932902726384
-42.5561100220693,25.274575669626177
-13.648522068164235,-29.272466485756198
6.2954996012868385,-8.677734925528341
36.11135650607439,-7.051257927868123
18.936175793350838,-5.774824104352303
-2.407120626998669,-31.560186979479134
0.7238687477728173,1.4557151052544757
11.180256809812786,2.923510009831616
-4.742834791925778,-20.087897365700375
-22.127345258568486,-20.95329078509903
24.25802853757053,-8.398120774987468
12.112442166051338,-9.737199239595162
-45.78672891663029,-13.153404881563326
-10.56919191219503,16.23393421615951
10.503323311282193,27.358737317050288
-6.99091625592713,-26.563935213224408
-19.53716837702336,-13.594930012081829
15.741465786461333,4.536437327407082
-13.24687693127018,14.529748101131588
24.20346084540728,3.4031472046379396
14.580280871731727,-18.87088470083761
-16.885067853633117,10.412059598007275
10.685933389996173,5.783040662626611
9.955995984536607,-27.693032150653124
21.175210825600544,40.88004765062378
-18.12148125113286,20.481757314599584
-15.945917574800797,8.766497900472034
5.326057069314691,-8.546076355689348
16.137600623791343,-5.040584646357329
-7.9813469982133345,-3.5350256721510425
-36.574861178626385,-40.01865439108795
9.10739176288039,-24.364769297970955
-20.206504986387376,-8.276609723621535
-1.5945663743249199,-2.4074813471518715
27.51639162761881,-15.085381148226752
-31.46274565524834,-17.613171913138412
3.744215581356763,-0.1351384900734637
-3.5275664729217064,-10.415404002228215
-15.648577762145484,52.733368400595246
13.84853802674791,0.3571042489421109
13.078064764042995,7.2061449605248455
41.176437141164335,-15.3994884637724
20.90783244550718,33.54992389218926
-7.951578650638885,-8.88943807924873
-1.4317974634948707,-7.064146219877062
-27.447382614496142,8.435416719184579
-11.77744097317212,-1.456145814622556
8.24330278838463,19.454030117310953
-14.360099207893667,-15.095341660075722
-33.01382036580256,-15.404291467211396
-20.884395543954042,13.87273911896159
38.4388895146999,4.896833879158767
-1.7563304799949937,17.13164567139731
-21.240358521357358,22.201526765503154
6.834573116305376,42.17822636925496
40.2786882715852,14.899221872678194
14.87432055620944,-40.49492245619593
41.98377845176397,-21.508451506294467
40.952468106501584,-13.53880545026569
-33.64795724354929,-4.900639081422081
15.404461312967646,17.53865887246545
-8.153503845104048,-9.625786991543757
16.576439937198234,3.5789701455040506
-0.3510232202538646,23.65238412896826
35.236481178830765,-48.09533124222793
-18.651314854020214,-24.750743080329656
-6.702774615504492,4.880139248316787
-25.00629964186213,-49.68093745035019
20.96588655260168,11.058362222540602
26.872232293714866,-12.178378876030498
-4.481357328751123,3.519273071573006
46.63455385758234,-1.6086970867008468
-10.137218618986862,6.021742753235034
15.603524575907047,31.738249034755825
8.008780165975061,-5.787838671747171
-13.933872702366827,15.686095732494074
-3.0585510420853885,-1.9660292402636999
-2.1298009099261996,-0.9593735346956466
15.953341604669493,-1.2531063741027997
-7.00511882543451,-24.155277548571178
8.111317318622351,7.597070386922567
14.505099997878956,-30.30856280062386
-4.716235927057638,21.40633073863809
-3.2527319828494203,42.77354573886409
19.32661903503623,-7.015364101928162
48.1041628659688,-24.82001786128441
1.9900536951961607,-25.771593812295407
0.6921990940510246,10.714325227328942
-8.373929614511916,11.361771361845046
-5.1809756175824795,5.448911544604873
44.89572801781741,22.811804861942235
-2.4009651378033188,9.731925442435696
18.44664245788401,-16.3354272440403
26.473429235152437,-1.3285184297769157
16.896542740726385,0.6666322105311513
-17.824932435538887,-3.3965001538046735
27.320692778505943,-27.835349038864802
-15.550299726827195,-25.27053737418765
19.977092255499585,-12.502748214949529
-3.6094222175964608,-21.686028911638946
8.393047768178763,9.864881854347825
-34.73779428598595,14.986870738480228
30.74511690541586,1.6860094420563603
-29.536202169630723,-5.224517981409084
19.277772099489653,-4.226248411817183
11.499340282720098,0.9287195968832586
2.9983137321792457,27.19855699765133
9.772024567428032,-7.036384232069297
31.302398971929733,-35.86991928721949
-28.37463291188884,0.01173564407515756
4.129069399884465,9.629015967459445
-18.122264696885523,23.35644380634014
-24.145717152099845,20.577766327120678
25.509604368231034,-22.55666828412324
-1.640398923356402,-19.569235816586385
-13.748342053160588,14.778603614689917
-2.828894292602202,6.490707348187204
54.783985269328696,21.825628516354602
20.87041760367311,-6.091944052968637
-24.735208725422147,-0.65560892541737
-13.880087076294332,12.846232090410922
10.356446932365904,-7.7263598826251005
17.778247871884524,6.254102054732638
1.410474947142859,-4.930074530461705
-16.92704675321253,33.32967030494325
26.856891133414457,-4.164074751062942
17.893366959262753,-14.84178517454583
19.696981814803326,-7.957378025766659
26.87634243089141,13.366709350548454
-9.270528100237955,22.99730204852285
-19.709135205217326,10.39486452142847
17.344096320775208,4.949165452269486
-28.331388133906014,-12.576026405758306
-46.787720043666624,-16.7923053568091
53.05714481931518,12.037163090484892
4.6155378196535155,-12.24433075520405
-10.15290416546802,-4.797948258649977
-14.050856181267017,13.862599896598356
6.193574045419142,22.566352836044224
-31.674541654220654,6.901116954977705
-14.099993736022842,3.9887567313508048
-30.950565183484755,-4.8388236667740445
26.024724560356805,-47.77190976004965
-21.718506247071858,12.987739074013287
-0.8959118658334555,29.51886239090353
12.747500159494631,17.899897935433607
-27.03291787705961,-4.330387985433645
-0.3742986366084536,15.456783561578701
10.966304358899507,3.5639369399001697
8.332982321941058,-0.7152992211660736
-13.062549382932412,3.892294400832555
28.48340109461339,15.69645770739277
-30.197580502712572,-11.664949276479406
17.780270160019043,-1.9124681367113106
29.943897438630994,13.619586918888169
9.280813724291466,7.37007722139572
-2.9211715171288066,5.56478215291407
0.4087246504873011,-11.360969713656676
13.851981041200727,6.516435006437175
-1.5931148494756775,-28.099831671172673
13.651847680855713,17.07161625324031
29.271425042362576,-21.107259895392097
46.09834575725317,-16.341993730090973
-17.228538979398042,12.3912464092877
-0.1066359800362799,29.529184269021528
-24.845766006833564,-26.42948327712553
8.883014292303095,44.35365606108576
32.53461727624013,13.621381000672297
-16.06828431803545,-11.149665170630767
15.251552386752717,4.8804551142802355
10.88875020240929,30.90480654878744
-13.266819343409566,12.659438019518499
18.140961764505278,-6.939348881305525
26.707993621450207,11.379230120344673
4.088584511412614,-7.806193092169024
-6.6581883800709765,7.9180278621045295
-19.425773007123162,-14.289240757817348
-21.798951649066204,0.8086212291981103
-10.309885211481154,-13.537832041114704
41.62552114195925,-12.180725084887872
-29.3050405978167,21.534535553904703
24.58580670703126,39.26396422206978
-0.6798170600073532,14.953253414982
5.430726866429227,26.050483681378388
10.68047788252919,8.428370684564074
-10.308705017627242,24.458021998058026
-0.28460438049303877,15.283274962176911
-18.56042822281659,-6.18378592629421
26.737734193355106,22.956117988451958
-36.12270709443758,14.210633066343682
5.4910962235015734,-38.269484090128564
-22.227462242643593,-25.949887236406187
-19.9323674507748,3.120818440101138
12.69012687015726,13.542724743229524
7.430528702106355,-48.90898833155133
-13.177693319743227,-15.684034020275659
14.233534722417216,21.739871009665464
1.3360277008591517,-6.512923832206793
-8.693897361014121,-7.1351715341102695
-1.9752812753978373,-7.968384666876211
-29.006037056045496,1.8872616924448657
13.1630068526268,31.712287410698956
7.710875896117631,-9.614567144794625
7.749815826704748,-56.68332122699578
14.759129346098588,-4.432775695645049
-17.41447901327437,-28.4745673329395
-7.052566790971611,-12.201596213681537
5.690628125283634,-0.8710430950080927
40.86972527213591,-0.17775339504385232
-0.22777994191120182,6.51773964170274
-13.519141781859203,-5.504170380907244
-7.692891315362308,25.45731153806966
0.7620311082796603,-16.853052624968754
-17.90215357035812,30.66904583318346
50.138580349748246,-10.855934672983041
-17.802738199322917,-1.8432756089808713
14.440134106158125,-27.132264097361002
-23.503614033532255,-7.341767812708392
-8.80429937268511,-34.116261889832124
-2.648515629654799,-3.356327958536906
26.617232847731202,-15.63820993623866
-5.850603506106466,9.887528377043239
-19.535806547529184,6.849851503179676
-1.6130022910601873,-9.739602106071473
24.38106612623163,33.50994600948269
-20.323652020001994,4.092352455824162
-0.025658242905394875,13.002283517566966
-3.2971640288966446,-6.479790475546866
31.224844260905876,-1.6398263346202058
26.617021247362057,19.44845209302529
49.298349331494784,10.447376808063263
-9.351909796662769,-19.5411963888623
9.452682562166878,-1.841479083548141
-10.852122903067967,-24.869911267726835
-8.940429666153003,1.1082199665038934
24.11280361462451,-1.5044357715452403
2.5628977025135216,-9.577818721069004
-8.937140296939464,-21.012100529990626
26.55433835992604,-12.13813280445322
-7.581191376543605,-8.795263468128562
-18.604714571502143,-18.253946855515345
-3.4471817128782245,33.724106652422954
6.345779877191062,-7.375931141902328
-0.9634934059806757,13.64567475350979
-39.849903864887196,38.901430846898194
5.3571167640167685,-2.8491673483847806
4.280528588371421,4.269262032179092
-11.370815199507637,-3.6526651967120753
3.1676856999333225,-13.099645883162497
-0.6770944421556008,0.36681594898492925
31.67461591866867,-13.82324634210314
-1.258730741391639,12.694560401741711
-0.5264317422977001,-20.510829076341565
-42.02598496767271,-3.748647416247042
-6.536805157704166,-26.070679760856894
15.012578107495909,1.8195134928462886
24.331326904314537,19.74242412622095
-12.925432537765271,-13.627652854746115
15.431181911726439,2.4029313286802942
-11.281716421959917,-1.1749500615019233
1.3318367081964881,3.2939324442311175
25.208063630858497,11.820350382543392
-25.86409297928167,7.953417544908785
8.146660162876383,12.0334488297141
-6.827126271948575,-0.08050198441137664
23.29072761388495,-30.98357305646788
31.960943134005117,29.33767796633193
24.227216540851522,10.690385361782281
-3.4686562831640684,-15.342435757677691
-15.909508406691646,-25.163972300895352
-6.409033991256488,9.668915543498688
2.520985848410233,-40.57514326730552
-38.58136454941944,2.6026339757530907
23.124313437778827,20.468813406856516
-26.217348432915696,-3.466690139061523
5.932115493933267,3.8354014826270344
-20.697975787602665,-16.715639850627614
-13.773859947164569,-1.5369235467710323
2.0745738954819735,7.23599960910109
-46.29458199167214,11.626521720319234
25.250703359360024,26.100222062974794
-10.406566617617912,5.3499187668004335
19.43648977198138,39.81929186782399
-15.826043028119354,-23.37466462113025
-6.362965205885339,-5.373435898062034
28.70602641769811,29.867613457590938
8.624167438100622,2.59393741415069
-7.223219851849737,17.55497738695267
-12.599824939379555,8.504471408887554
-0.9805717995391493,7.664762314491515
10.572268480066825,-22.95259394006562
26.135290870744996,20.760463224345283
-0.7908914513468951,38.66147507564891
-39.82511840270356,-13.57924156120141
-15.066876596488601,8.926185081551854
28.45196340094349,7.890103253599858
23.19747404501853,-18.767676818600506
4.974503988963035,3.528171260274442
-21.251355403386455,-0.1431930017652095
3.7014561148603793,-12.872827430270613
9.25475228797351,-9.397107172497064
-14.010747972376432,-33.592420880736135
-34.44116346221949,4.463638790842412
-30.433742407480985,-1.8420308051619136
-4.840928849846846,-44.261947410274516
11.237537093168559,-3.986096615528826
10.645007651009188,-8.87413801155587
11.790499772186644,37.60418767129815
11.993238550729295,-32.187973087485375
-32.15939307401652,4.526596415053666
-5.034660824899772,6.357028786099424
14.304559886389082,12.76740422426714
-20.229418708416745,14.554395687767235
-0.22097858566658518,-2.8770374665267004
-2.157040794842773,-18.68221110616534
20.938119349109687,3.167898968893035
-23.36454435408047,-51.88730122842132
-28.43562725388319,-1.7593339547841966
19.68312002828206,22.81426546519601
-6.307902708348557,2.960318026488121
2.427894378642688,-23.027161126202245
14.761734566466082,-4.7706058034744725
-35.64774035674768,-17.358531010443514
9.864184215022508,-17.87393834363141
21.444942612600364,30.404043989345265
-27.067218082530925,26.20690250736854
17.077378151668213,4.729681662403099
32.740301943165,-31.782747989192636
-8.637157800235915,21.277227745766304
-13.154410368525753,-5.535867464058511
-2.4228492158772195,-14.229036975396191
38.02706428537449,19.609672535774394
31.66264936965638,-8.310760470169129
-37.987108909794635,6.304678925988593
-14.99461103213651,3.6638240636876844
-24.766058919815016,-44.83406444190631
16.596642584134493,36.01083407188533
28.244812513406814,-18.247379178970093
34.828811841207106,-19.04545360822357
-12.22414981983355,-34.59447453949535
28.99152662947547,12.18345644715637
-26.97401217811846,9.135719623003697
14.01682732515204,5.999148284161647
28.519679031541145,-8.541018687813697
1.9967875902944088,9.272824554279266
-61.59118241159404,-4.883788340080156
52.85642408555727,-0.8569224303451881
5.846367886986224,-19.8110612455233
7.4805109451471266,-19.9298401593123
-18.433298584181458,-17.681189220573334
-14.813656391035138,-7.53984858812086
22.112489262994778,9.181250907152133
-31.38608131324258,20.660016079028697
23.104945729298173,15.500738517086003
-17.41238800069393,-8.784456709899121
-24.22264091859681,-13.535395670420868
-5.708848753618464,-14.674343240891945
-11.03670198267372,16.394670593726428
-2.8017995926042882,2.7746026340148893
46.37580926023705,-8.807463587092336
-17.44730913532942,-22.794374972423892
17.247341828789992,-8.501607602533667
17.945849753093384,38.43681826523973
-10.899242706742061,-4.051176814709177
-18.43114459364632,4.79657945505086
-19.803776051691617,-5.4996507130337635
7.596688305727967,6.799579369399255
27.506001283621902,31.634982618680677
-26.74584931214223,15.970430367027639
33.126609691849424,-8.23605558966123
12.25409604721262,-15.3267198524545
13.859465162300928,21.731374242159035
-14.87544142391397,-25.39362148320145
4.803895939760792,22.105012299298007
39.59811189284529,42.10200404143798
41.89787137017397,-19.661946902644395
4.772141032069474,-16.710301071781323
-4.414982734668645,-17.25461371358138
12.642271674665434,10.959947529044813
-31.241344809462795,-0.05063445440078171
-1.69504776679821,-44.16624953548866
-5.6982132852339,-21.109951509913373
14.608473232739826,59.52672888283722
-29.753585575862882,-19.191895967149392
-35.025799730973716,-15.615682861115076
9.576213045994262,3.9846199249941723
26.707014196142307,22.383032656238264
3.589020844765848,13.782964477814359
-34.03578975412827,1.619699704343989
-2.24185031480383,25.015197484061012
-11.644864080959781,-4.173516282186757
-9.377799756629656,-4.924417056078669
-0.5413655559053373,-8.69580332283154
-3.24810389846673,-11.248163451554538
-28.979372123664078,-33.64682936464999
7.973502180349044,-34.40564942480173
-12.552726245941567,-13.451431238971006
-22.403157595226503,19.692517561844767
5.899871648548074,-3.2531969485309014
34.85395159534016,-30.548085401409388
2.632957975063044,3.939676073994394
-9.149944001228668,8.449891002046893
-10.915301318702664,28.87816002505813
-25.923076753592017,32.09726067890239
6.153204104070516,-6.037158607988328
-4.207145403953864,-9.002922391523114
1.4991733625716681,16.509545886722066
26.66251656474982,45.60004508300163
-1.1210492719972078,15.38381906196066
-16.713048101875163,11.28536031025468
4.177070640156886,5.423260080174455
-5.595217016268014,36.97934312080341
4.134296961735437,20.20418462794133
-16.149796961600753,9.819880760390841
4.804426937393516,11.748139564128323
7.6833252786314326,-33.590464369011606
15.795078957216342,-9.073844776526595
-30.67412348355624,14.70477287055186
-11.125316633443166,-1.339365672617727
39.71963169559557,10.074796919190852
-11.145415407329072,18.580505436507448
26.21168842837287,-12.254126907286555
-19.602393563994116,8.31862246623647
-44.04296360017724,13.070727914677073
1.234939213699328,-15.976007307832221
8.78002681688457,18.57926776352265
-9.802570479896414,0.5266566032359529
-27.5958936856599,-26.37597484423187
-10.019151836164443,-22.32201059593332
53.07650472878318,-42.78379408923482
-16.203717735836644,-17.225762426703884
-2.440148621398259,-33.61730957652604
2.7525337311769125,9.799408751202803
11.100674792647194,4.178609533806658
14.740686400435528,-8.179852929541518
0.33708131667142793,9.318207146408206
-5.708386544921097,21.661853866156786
26.04363960735363,-15.23470281267394
24.22196203440347,-27.833286763570612
-3.1185416038937177,23.19416112362419
-0.5039019978787939,-12.77405400235972
28.15041890755304,11.77322832727986
7.240288202500574,-14.50022916630007
-11.129934034043474,-5.939190258530285
-8.078547777202399,11.513984036127457
-16.93080825531276,-16.989892368664307
9.632269683196746,24.7242759518215
-32.32370904570491,11.214115030864003
-24.821264534388618,0.7420370884245711
-25.078598751011715,5.107412120054993
24.423994810957396,-7.605722882332165
21.038412583838042,-27.785458688959363
-45.01640962504,-9.855798062376266
2.3691045672380446,15.583419115941506
12.149977227258784,-20.03376158105173
-9.460724805459924,42.07834987140123
-20.565046760803853,27.75031292933731
3.285779167174266,-22.691928788574675
-0.05988703022841455,24.703046347778276
-6.128744649327097,7.446308287822529
10.02503957409154,23.158728285983457
-22.560827754975925,15.250635533555236
-2.1552677747316635,56.71775792044143
2.3126098675642517,-12.37590222369332
-12.445714686047356,3.41104470511711
1.626529396919159,-22.278697075870674
11.671609530587077,19.20275127205583
7.327378699797661,13.530542800326092
-21.74916687950219,-17.13254341824797
-3.5835591815194077,0.02604341640755995
19.008186370570698,13.611229658703722
26.987631748010806,5.145258818755184
15.32921467245378,-2.660518760611435
-5.381201584029495,16.820394070971027
-26.187101785994127,21.5536388863346
-6.318591521286027,-11.685241743710368
-28.590680250000972,23.423882989452313
-20.565336455594448,17.526537062626698
8.040328208205617,13.054315690966483
-36.39650079662169,4.200010156310649
-18.092023421120384,-3.7338405636857157
16.64173193394584,-30.137929000666993
-22.838100595419274,11.904393745254742
-12.913467120834184,-14.953634756932523
13.689780932607583,-16.52908387743632
-9.477858175212834,6.659550413733618
5.422485068130504,-17.183521008146855
-1.1926415173228595,-4.764078864395186
19.540935343765092,2.397476282564991
-27.01653177883174,18.69382190296343
15.677993668841768,24.567029727565462
13.305785035583643,-6.086302012291366
27.168072483643435,12.225772926955901
-15.230446069456285,13.782523637254267
24.676662037768565,4.027644141291223
-10.749024664430454,-5.247416167032935
-21.037969046573018,-32.646731022657136
32.032389784723385,-19.400973922115362
-12.868016145806322,-42.48747061184436
-2.8862023761132054,6.116223443857165
1.3481366737346065,16.33212458850507
2.2630895653235474,-29.487831138873446
-1.002542248442224,39.4863650700391
-24.563302516970154,-3.9414373120978836
-19.647415879765383,-11.962008721602217
7.192686665308804,28.192639719873842
7.196863640545845,3.412055062722183
-29.129502492767863,-8.948476687292594
-20.098912746484427,15.458322003846558
-46.91507324195381,-20.601060248284337
5.565378285603285,50.04232546373173
-19.672786019798473,-10.721090124728974
16.354558103543432,-5.321221395028063
13.76472760677739,4.396367399942396
-5.618087978025267,-7.516726117817026
34.05462398023512,-1.0142520012426988
28.86046890426472,19.042753714539774
-13.303563025853183,7.827927636737729
-23.72225164651882,-8.706169621067186
4.24677551197091,6.203036834762009
5.226957096180543,0.7153115124467601
16.6540218893849,8.419219088425146
-22.954305414267107,50.400618573369115
-1.1550121736840657,-71.82260187032823
-5.671886197752229,18.5387491354968
-24.536244028998194,34.94553830265057
-9.822976794076219,58.637707033451825
-10.366379503362799,-5.983025567394527
-16.976876390293995,-7.74346800515631
11.96671518225062,-12.551821986258334
11.319893682342704,14.483151851946015
23.176623421793977,-24.770054431483185
2.760152401748961,-8.550838940816574
25.381891540360883,1.923017236186309
7.041548901537648,-10.91790351576745
-4.401234783291374,4.716672519471555
8.762866856159,20.361051864423374
-18.526775838554485,5.09853610517731
-17.22018757352687,-5.863873954216359
18.93920987517846,-16.385664196186113
-31.812932781770744,-26.997023623054513
46.76578317995766,-47.80836621524857
-7.72231443130787,18.252005699501797
-14.551494814569812,8.107786702140766
25.212849341411076,5.345920684684601
-28.418771939563662,5.8709817933062265
2.6303282122635125,35.23858693658429
33.401473394969955,15.975644006267771
-3.6179526181721053,52.383267715244735
10.164178199779396,27.443133153221794
17.645996697148473,41.85164857271056
-24.902647783910336,23.176272006938436
-12.485776715905416,9.373573635686803
-3.1990680515504097,13.54363371478817
6.5406404081105425,10.712905645176502
-31.369081111975063,9.506112577482913
-42.1489784061006,-31.009833534584544
-22.05391315251508,3.2542153297165606
-1.0191335411828635,-10.758724311283421
-14.697480564613938,21.877346102745744
42.5232662543369,-37.13905697279997
-24.196350998745366,-3.1003527748412014
19.69007797042768,-3.1267249591852933
11.344103212087614,11.459024906277925
-37.50141716412471,-16.055696597585456
-28.240945039690807,13.030070053705849
13.73803426067047,48.79774013221777
33.935451296404906,3.374294770747657
-14.334684303438955,-6.342787692381297
8.500206079999405,-14.53410296608296
-6.87675509696825,-3.298415813384585
4.125898878507765,16.356307054524773
45.221701062280005,-26.965293236173732
34.87384553618264,-30.798322879859757
-24.351806735092396,9.419375667228543
-31.323257198089056,-23.924743209806167
41.74960785092356,-12.226853469829791
-39.860939759798775,14.341034015906608
14.653115512977994,-44.34138961138111
6.591001405973392,-20.697643789539036
-6.857372639568744,53.873176236884945
-29.54625932863268,-3.9685063122874604
10.101881391563978,8.194499144117378
11.646794900261048,5.391738135872122
-12.541157675660388,15.14829753460022
-8.41685152580398,9.828622908944089
-3.6648142168427333,-57.90923137488487
-41.371207898940014,-2.930871351967674
-23.79483448853187,-33.25409727904058
16.180879565864306,15.301720872566563
-26.187892375378617,-4.348913605525949
31.68825270481156,-2.7568290819750922
-5.259536407378507,-0.07676154971968271
26.015484859782916,-25.47940640340341
-22.11583432351324,1.29493222214337
29.77960479589303,-19.44633416210993
22.618612618593332,-7.416552442357768
27.511079493377025,-12.174318336374565
13.260304119823129,-9.186089011659856
22.7439373541648,4.107706470834826
5.671663455617617,6.180533259631038
-17.0008630312036,12.533225793243663
6.343339670767118,2.9690464695458445
12.20242230909452,23.087390882548053
21.709419517743488,6.848825867218723
23.02568055268801,-15.497031046889022
2.7929968587206506,5.768426089338869
-14.53424356451478,19.899792510899445
2.943249789002293,-20.091574891063566
5.523140083955179,0.09085565912608917
-10.909930828536336,-26.295609691163108
-23.176147685732737,7.995980996175778
-19.103456190994624,-1.5596078691724444
0.1733998484801078,40.103669125328395
-3.5818553194627545,1.6016012252553007
-13.196500023514092,-9.473239674497217
-25.673860662882014,-24.62355124069957
-16.628194250548734,9.502435022029713
-11.30274317098558,25.91113043399772
13.82777028567013,-14.781102220545373
-51.43696970621032,27.28369513007024
-16.822763721771185,11.817242800236594
23.256343388212066,18.001481566815784
21.2054846123915,13.403803563628212
6.290194892562448,4.118802961865838
20.90044189206463,-42.0803842496738
-15.88176487943681,14.511587775044976
3.0572542467735477,-20.28100882382183
8.417270703252616,22.36148243200706
-5.563387854280428,52.269320226254045
-14.10056590433626,18.20306479551425
23.900443297805083,8.563951862153354
43.5612898089688,-23.24373411895866
-22.0148650803596,14.545026405649875
5.546621838845525,-18.53248338639718
4.434420186190687,0.6270780792205343
-13.479794004742251,15.743503672386005
-13.820980333484368,53.417587058685115
-9.388512912363518,-34.33170094476978
14.177654004248533,-2.3433149137787836
19.365211167988413,3.456828618259284
17.074235351629433,19.44952886958066
20.031952550023856,28.49923889356991
-17.538123790391243,-6.080084917136469
5.588634534582492,1.4955060462540435
10.581134776113574,-13.40339081795954
-7.514132446620821,-4.160874065509409
-12.493873149955721,-9.718022081698628
-6.24678740417629,22.753978003724946
-32.096294161234134,-31.762212001871603
-28.873864871602603,10.437354491427303
23.7927733351526,8.817657834961132
-10.800731632911887,-24.395191463203275
35.10414929296491,15.154262041974372
-9.384321481316007,7.507906581629536
-1.704637291960832,-8.69363465417123
-3.905152967628549,9.938045910317179
11.628486509188885,35.91315226397394
10.808115321958704,-6.943320081587077
-33.00983439375208,17.203054331800523
-40.55941997752139,11.831120313015104
15.474413154554558,4.200238852291877
-33.19884633742287,-1.8480197144170905
-2.818972936991914,13.308674499625441
-24.618478515800682,-28.715930198041303
20.37398607199226,8.25165310711096
-60.759006708405,25.883062254220306
-4.943172065876726,13.007201684384807
19.361917649993618,13.164023067799945
-26.395327142888277,7.5327199234944056
-5.819607685129078,1.800689282579631
12.389565789478267,-0.2938152983755998
-11.349562037596119,-1.670516033491882
-3.815622371568651,-30.70598612334621
-5.640524618337826,51.009164967116895
-2.3178470979859576,-14.75580000722128
19.621546206507073,7.8057614803969235
-27.509119082766667,-1.2414846888716466
-16.49462209450848,7.857179616176441
-38.94769685038822,5.50940623153966
-0.8720591282319972,45.76377792688056
13.681126700329537,-7.1514729324119655
-12.999762868612976,15.637111489796343
-29.66318017150925,24.34441273947129
34.08795308622984,15.897461439035732
-10.117208228795278,-0.10857288104220186
-5.608436147540309,25.171059999767497
38.757999273016274,53.86801109643812
-7.871452693388482,7.490175115731239
-3.352054211879485,38.49378195554496
0.26159165212480306,26.720640503552936
-7.223456661240081,-9.842881724497838
-31.975989757655093,-18.588427994894545
15.949574821876524,-7.3787848033136
2.256259309910619,-38.97370319316579
3.7029460674098,16.46996797568987
-11.053420406406666,-17.836317780821428
-5.3386590648374,-27.93016481237796
-13.952294738405222,0.6225551324292246
18.979756596453566,9.116929204340188
9.599830637095883,0.24658984142234677
-20.85417019021353,-3.1751172301953923
3.8022617384370587,47.434168669688745
11.556034940408033,2.6994602174421973
2.080004676627001,14.67570756105131
-8.761381956604165,15.403496883054439
-8.888536574660709,19.39774291807341
-9.229201532589776,1.7471976512478762
-2.4310009845261638,15.045542761078936
-3.466334004635643,26.231527256860208
-21.120457757340155,-16.973831153637242
-4.50008769794581,37.18633136484924
0.4167029394197289,-15.014483826078697
16.92504899359153,-22.91779294865472
-12.540611293285846,-1.9427719950837248
12.615284525189107,4.080289546421939
-12.277794861441189,-9.01001278762218
10.314755645471118,-6.291503205099747
11.618566349909019,5.206786881764592
41.37444952267116,4.800798232651077
8.495438173728509,7.265518873910402
26.009550007493537,0.47410897960349474
-9.708818651975527,-15.640737024239321
7.860050073270512,-8.837803381235775
-6.137335651015633,-18.944863830488888
-13.643620638975197,-22.995849303650452
-10.431579898822713,-28.07924870499037
33.0733979216655,-26.672606190234966
37.50150854672722,-2.934203594783755
-16.302659183183355,13.494453425136202
19.32157612361025,-15.945154832213458
-8.963802854761955,-21.392726998451927
17.764028258599968,-6.76900794259195
-22.601181560475606,-13.304869915621273
-4.819107583782204,33.90206632623999
11.10902133195072,-0.7090413320067934
-15.520952498365503,8.154171295174491
-23.252959527544963,17.222896655006263
-15.108611603444022,6.860543515042804
-14.129459366966621,25.068229663046452
27.419589208568933,-6.818315289244561
-35.85363358469912,8.228781151940899
25.197511499600704,-3.1670084129287925
-17.787872004548234,-18.98789446321018
-42.423702515938245,-1.2480623478603712
-28.311115709400397,-13.959217056575623
31.68142286152149,30.18733505417117
9.30198918609622,19.040099005128027
10.30802753190396,9.383299937670568
16.256925625416375,-16.99512541396182
-5.823444326431066,0.5933884469181923
-7.06705303886638,-29.748098721556232
0.09779233012474063,10.139852894614044
13.870293616262174,-12.089784273889643
-22.844857364159527,-10.529076120983023
-18.761586700570422,-21.041899808361237
3.9299126838328657,24.10687683390124
12.152907857737922,7.3366712365125055
26.35551934132255,-32.774226552442045
-34.846635587517326,-11.313739434619116
26.268843943508514,-19.515401053337225
-19.908828925630843,2.3620192208114985
10.025136478968253,-55.89337651186742
6.33041628113351,-11.216094670465326
-18.71528704864545,14.474347726857232
-40.596451001824136,29.06569992102049
-32.36538731255803,48.3144909873043
24.70860645813398,4.4318827654014346
8.867507890148058,3.0627094171245393
4.1832684512636185,15.546169820399848
-19.56764623772345,-17.848957309297635
10.894916242061282,30.485964088160298
-6.276247276582132,-9.036082027310265
35.692304011731416,-12.217445694590392
-28.827948581036644,27.837918728247146
7.984233496373177,-1.2539875927438087
-18.78779660127174,35.53636476153822
1.9327918545537344,-1.2317965701523157
-3.3034072997298907,12.429590371430468
-8.942212483526852,-20.295716079652827
2.7982858644634625,23.662906729344634
-11.456424592721465,-12.934065536771486
12.057844827340674,-8.427887205703087
-23.38393656609114,42.777340587546846
11.783607014095548,-19.189559114068476
-36.867899244845376,29.361053316078497
-2.113673554308946,-7.000036248842606
-0.9770358654883557,-14.067103745242358
9.786307859936693,12.259052913767437
-11.466422642049965,27.04812795623585
4.622056974830856,-19.543620449713515
16.865734717483654,-17.30284382124401
12.207500561311399,-6.767243936264667
-5.1491621927778874,33.71653053104252
-18.487878731062924,-21.967375105767264
31.777037061704526,-31.523670533864596
27.61905686015355,-14.325967620329966
22.10615846298872,-21.665634870490507
-7.051633836654631,21.176551301846768
-12.465388861468709,-51.54426103287361
-1.6855494844632544,-25.301259163694176
14.955240722263259,-2.0512187623305502
5.88406186109408,-8.96146429738799
14.20123343311724,-0.26809862159645803
23.77942815584289,9.797683867108832
-12.23151955540693,1.5023883341699071
5.0193926621652905,22.42842302793501
-22.332352646299746,8.34048391130298
-10.720824155775546,-24.129353792412246
28.55783935760336,-30.707329527614434
-13.140936538431248,14.00614557033171
12.436726591466979,18.006502912294092
-58.88505989658697,-27.33535685167988
8.99362374488641,17.637275030793948
3.921882899733097,-30.72311546349205
41.15677926123049,13.270694830803713
40.08625331505052,-5.858764514372589
24.333004187635893,-14.441007212236368
16.98224149026944,-16.297230506529143
29.12583198948515,-30.192105774507127
18.371741750213893,13.751524746558122
-22.26290239688794,16.99531370810547
-13.232159210792533,9.943321295085731
36.71870920960625,-14.527188086976505
-12.914917223854365,-5.723007344171032
2.73724142547322,22.868643096820094
21.53929827433368,29.852229896092517
6.342926614842275,21.957010038404476
11.529690257164463,6.35251332351947
-26.81208650198411,11.926753860756785
31.466341971674495,-4.808748785028271
-0.2191278960017366,33.122225269026444
26.676329943983568,-6.441774129581342
11.570715136459405,-7.188553980597838
20.760195728805865,3.5547033154133096
12.15933494298719,-24.627540130598394
-29.696624042256794,-35.88231610374434
1.1759119664738331,-30.728008781452694
-34.15410077161884,18.054868080677767
2.5719041770731392,-8.449092746864807
-18.374622037177737,-4.244073030956084
-8.691087639696596,9.824084528335668
-6.635644430255595,17.118551042028386
-2.5409556197299947,11.469215448505299
32.701190659998694,-13.476866157677364
-8.56229464133901,-25.616546244373577
9.027545862577988,-20.343569006634606
-22.459622745096212,-3.302507771090392
10.897943100657026,43.596379279717425
11.224888170843881,31.38509904714004
26.71335951114343,13.698478626136119
0.7814856051550211,-1.4640790522958944
40.706062442374346,32.67810577307538
38.81186916251651,10.228070828664684
-6.075833403194599,-0.38076851922841165
14.604384038262504,-30.797678915679185
-14.699870049152086,5.54947734569314
-5.230448891666163,0.6292929144523384
-3.5572040764334605,6.530531784471156
8.673429840284943,-24.286313933059837
-22.72948232052905,25.465386884135008
2.4384634348469922,10.449782363033197
-4.108798609660957,-12.150066891565714
10.661604865142756,30.043931187788033
10.05865134437361,-26.461329264437076
-14.954134791465545,22.737937848846276
18.217664420417897,-29.65521787415303
37.94040225295904,-3.199060327321458
-6.246845111701301,6.881725041406055
-5.308867935144619,5.328611682657995
34.63019463498742,19.116933156035834
-25.607286104116763,12.00533256375969
23.593743815684793,3.8366513632593087
39.7354955858333,13.93850137011383
4.196675129839438,-21.169863488807813
-19.693439868115693,-5.581787291826408
2.811176692345137,11.614035892050325
22.251190743445154,3.0339598142196738
1.3828951873860198,48.66082170339138
-10.20266558741402,21.929997906799684
-17.57739852695986,-44.905462355736844
-13.622801475894901,30.893669257624246
30.92773295388435,13.141254148641362
-10.384561323965631,8.084426775988755
6.623669142045703,37.02029279934514
13.637713500659977,27.09689122405246
-0.9366500717492626,3.809444229216368
11.85528412368023,-1.1247844585310571
14.649204137844345,-11.103093638420887
-13.299704238686832,-17.45399124709391
21.467369864152115,24.002747425537837
46.87131729854542,-14.125614029922765
-84.14362501353025,-93.25055321678519
-29.411692172288895,43.157094065099955
-69.91865308955312,50.965636037290096
52.08313390612602,-193.31136904656887
-22.034589014947414,134.73944822326303
-150.60643516480923,21.4337220415473
-74.56653732806444,125.45031877234578
-169.2201193422079,-117.80734714120626
28.490563295781612,93.05922072380781
63.53151239454746,184.44781508296728
-97.32737205922604,62.80714953318238
43.62876256927848,-13.095802161842585
149.43558704108,29.884885624051094
135.5980076827109,133.1362659111619
182.9407174140215,69.61773559451103
182.20222322270274,-95.59558052569628
82.59126981720328,-135.37144642323256
81.76849046722054,-22.803188115358353
169.23208879306912,-40.645035076886415
113.89250801876187,175.62299659475684
-95.69545732811093,65.3168554417789
-63.87103721499443,2.8363963589072227
-67.2851774841547,-111.56303100287914
-146.212606318295,-132.5839091092348
-141.32434306666255,181.9894604384899
